player_type,team,opponent,player_name,mlb_id,lineup_spot,pos,lineup_status,proj_pa,proj_ip,proj_outs,proj_runs_allowed,proj_hits_allowed,proj_strikeouts,proj_walks,direct_K,rate_K,direct_BB,rate_BB,direct_H,rate_H,direct_HR,rate_HR,proj_hits,proj_runs,proj_rbi,proj_hrrbi,proj_hr,proj_tb,direct_TB,rate_TB,used_fallback,confidence_score,proj_pa_confidence_score,proj_hits_confidence_score,proj_hr_confidence_score,proj_strikeouts_confidence_score,proj_runs_confidence_score,proj_rbi_confidence_score,proj_hrrbi_confidence_score,proj_walks_confidence_score,confidence,proj_pa_confidence,proj_hits_confidence,proj_hr_confidence,proj_strikeouts_confidence,proj_runs_confidence,proj_rbi_confidence,proj_hrrbi_confidence,proj_walks_confidence,game_date
pitcher,CLE,DET,Logan Allen,671106,,,,,4.37,13.0,2.61,4.93,3.65,1.78,3.652,,1.778,,4.929,,0.653,,,,,,,,,,,,,,,,,,,,,,,,,,,,,2026-09-04
pitcher,DET,CLE,Keider Montero,672456,,,,,4.58,14.0,2.7,4.93,3.65,1.58,3.652,,1.576,,4.929,,0.907,,,,,,,,,,,,,,,,,,,,,,,,,,,,,2026-09-04
pitcher,CLE,DET,Foster Griffin,656492,,,,,5.3,16.0,2.77,5.14,4.58,1.58,4.577,,1.576,,5.141,,0.907,,,,,,,,,,,,,,,,,,,,,,,,,,,,,2026-09-04
pitcher,CIN,MIL,Rhett Lowder,695076,,,,,4.58,14.0,2.92,5.14,4.08,1.99,4.077,,1.986,,5.141,,0.95,,,,,,,,,,,,,,,,,,,,,,,,,,,,,2026-09-04
pitcher,MIL,CIN,Shane Drohan,675660,,,,,4.58,14.0,2.59,4.49,5.4,1.99,5.402,,1.986,,4.494,,0.758,,,,,,,,,,,,,,,,,,,,,,,,,,,,,2026-09-04
pitcher,PHI,ATL,Cristopher Sánchez,650911,,,,,5.36,16.0,2.64,5.14,6.73,1.63,6.727,,1.629,,5.141,,0.667,,,,,,,,,,,,,,,,,,,,,,,,,,,,,2026-09-04
pitcher,ATL,PHI,Chris Sale,519242,,,,,5.3,16.0,2.64,5.14,5.4,1.63,5.402,,1.629,,5.141,,0.667,,,,,,,,,,,,,,,,,,,,,,,,,,,,,2026-09-04
pitcher,PIT,LAA,Jared Jones,683003,,,,,4.58,14.0,2.15,3.56,5.4,1.78,5.402,,1.778,,3.556,,0.667,,,,,,,,,,,,,,,,,,,,,,,,,,,,,2026-09-04
pitcher,LAA,PIT,Ryan Johnson,696270,,,,,4.37,13.0,2.82,4.93,3.65,1.99,3.652,,1.986,,4.929,,0.907,,,,,,,,,,,,,,,,,,,,,,,,,,,,,2026-09-04
pitcher,BAL,BOS,Shane Baz,669358,,,,,5.3,16.0,2.83,5.14,5.4,1.78,5.402,,1.778,,5.141,,0.907,,,,,,,,,,,,,,,,,,,,,,,,,,,,,2026-09-04
pitcher,BOS,BAL,Ranger Suarez,624133,,,,,5.03,15.0,2.76,4.93,5.4,1.78,5.402,,1.778,,4.929,,0.907,,,,,,,,,,,,,,,,,,,,,,,,,,,,,2026-09-04
pitcher,NYM,SF,Nolan McLean,690997,,,,,5.3,16.0,2.64,4.49,6.6,2.39,6.6,,2.395,,4.494,,0.653,,,,,,,,,,,,,,,,,,,,,,,,,,,,,2026-09-04
pitcher,MIA,CHC,Janson Junk,676083,,,,,3.0,9.0,2.08,3.56,3.65,1.58,3.652,,1.576,,3.556,,0.653,,,,,,,,,,,,,,,,,,,,,,,,,,,,,2026-09-04
pitcher,CHC,MIA,Shota Imanaga,684007,,,,,5.22,16.0,2.74,4.93,6.6,1.63,6.6,,1.629,,4.929,,0.95,,,,,,,,,,,,,,,,,,,,,,,,,,,,,2026-09-04
pitcher,CWS,MIN,Erick Fedde,607200,,,,,4.37,13.0,2.76,4.93,3.65,1.78,3.652,,1.778,,4.929,,0.907,,,,,,,,,,,,,,,,,,,,,,,,,,,,,2026-09-04
pitcher,MIN,CWS,Zebby Matthews,805673,,,,,5.22,16.0,2.92,5.14,5.4,1.99,5.402,,1.986,,5.141,,0.95,,,,,,,,,,,,,,,,,,,,,,,,,,,,,2026-09-04
pitcher,TB,TEX,Nick Martinez,607259,,,,,5.3,16.0,3.09,6.0,3.65,1.58,3.652,,1.576,,6.0,,0.95,,,,,,,,,,,,,,,,,,,,,,,,,,,,,2026-09-04
pitcher,HOU,AZ,Cristian Javier,664299,,,,,4.37,13.0,2.79,4.93,3.65,1.88,3.652,,1.875,,4.929,,0.907,,,,,,,,,,,,,,,,,,,,,,,,,,,,,2026-09-04
pitcher,AZ,HOU,Merrill Kelly,518876,,,,,5.03,15.0,3.06,5.14,3.65,2.44,3.652,,2.444,,5.141,,0.95,,,,,,,,,,,,,,,,,,,,,,,,,,,,,2026-09-04
pitcher,TOR,KC,Jameson Taillon,592791,,,,,4.37,13.0,2.79,4.93,3.65,1.78,3.652,,1.778,,4.929,,0.95,,,,,,,,,,,,,,,,,,,,,,,,,,,,,2026-09-04
pitcher,COL,STL,Ryan Feltner,663372,,,,,5.03,15.0,3.09,6.0,3.65,1.58,3.652,,1.576,,6.0,,0.95,,,,,,,,,,,,,,,,,,,,,,,,,,,,,2026-09-04
pitcher,STL,COL,Andre Pallante,669467,,,,,5.22,16.0,2.88,5.14,5.4,1.86,5.402,,1.855,,5.141,,0.95,,,,,,,,,,,,,,,,,,,,,,,,,,,,,2026-09-04
pitcher,SD,NYY,Walker Buehler,621111,,,,,5.03,15.0,2.76,4.93,3.65,1.78,3.652,,1.778,,4.929,,0.907,,,,,,,,,,,,,,,,,,,,,,,,,,,,,2026-09-04
pitcher,NYY,SD,Max Fried,608331,,,,,5.03,15.0,2.79,4.93,4.57,1.78,4.567,,1.778,,4.929,,0.95,,,,,,,,,,,,,,,,,,,,,,,,,,,,,2026-09-04
pitcher,LAD,WSH,Blake Snell,605483,,,,,5.3,16.0,2.67,4.93,6.6,1.99,6.6,,1.986,,4.929,,0.653,,,,,,,,,,,,,,,,,,,,,,,,,,,,,2026-09-04
pitcher,WSH,LAD,Jackson Kent,800600,,,,,4.58,14.0,2.52,4.49,4.57,1.99,4.567,,1.986,,4.494,,0.653,,,,,,,,,,,,,,,,,,,,,,,,,,,,,2026-09-04
pitcher,SEA,ATH,Logan Gilbert,669302,,,,,5.3,16.0,2.67,4.93,5.4,1.78,5.402,,1.778,,4.929,,0.758,,,,,,,,,,,,,,,,,,,,,,,,,,,,,2026-09-04
pitcher,ATH,SEA,Kade Morris,695034,,,,,4.37,13.0,2.49,4.13,3.65,1.78,3.652,,1.778,,4.129,,0.907,,,,,,,,,,,,,,,,,,,,,,,,,,,,,2026-09-04
hitter,CLE,DET,Steven Kwan,680757,1.0,CF,Confirmed,4.4,,,,,0.36,0.37,0.36,,0.367,,0.909,,0.013,,0.91,0.44,0.3,1.65,0.01,1.18,1.185,,False,96.0,99.0,96.0,88.0,93.0,91.0,91.0,92.0,94.0,high,high,high,high,high,high,high,high,high,2026-09-04
hitter,CLE,DET,Chase DeLauter,800050,2.0,RF,Confirmed,4.0,,,,,0.59,0.27,0.595,,0.271,,0.909,,0.034,,0.91,0.43,0.32,1.66,0.03,1.34,1.339,,False,96.0,99.0,96.0,88.0,93.0,91.0,91.0,92.0,94.0,high,high,high,high,high,high,high,high,high,2026-09-04
hitter,CLE,DET,José Ramírez,608070,3.0,DH,Confirmed,4.11,,,,,0.42,0.27,0.417,,0.271,,0.883,,0.033,,0.88,0.42,0.35,1.66,0.03,1.21,1.214,,False,96.0,99.0,96.0,88.0,93.0,91.0,91.0,92.0,94.0,high,high,high,high,high,high,high,high,high,2026-09-04
hitter,CLE,DET,Jo Adell,666176,4.0,LF,Confirmed,4.11,,,,,0.81,0.22,0.815,,0.217,,0.883,,0.061,,0.88,0.43,0.37,1.69,0.06,1.42,1.42,,False,96.0,99.0,96.0,88.0,93.0,91.0,91.0,92.0,94.0,high,high,high,high,high,high,high,high,high,2026-09-04
hitter,CLE,DET,Nathaniel Lowe,663993,5.0,1B,Confirmed,3.84,,,,,0.72,0.21,0.724,,0.207,,0.791,,0.036,,0.79,0.38,0.32,1.49,0.04,1.18,1.185,,False,96.0,99.0,96.0,88.0,93.0,91.0,91.0,92.0,94.0,high,high,high,high,high,high,high,high,high,2026-09-04
hitter,CLE,DET,Angel Genao,694197,6.0,3B,Confirmed,3.33,,,,,0.42,0.16,0.417,,0.162,,0.803,,0.029,,0.8,0.32,0.32,1.44,0.03,1.14,1.135,,False,96.0,99.0,96.0,88.0,93.0,91.0,91.0,92.0,94.0,high,high,high,high,high,high,high,high,high,2026-09-04
hitter,CLE,DET,Travis Bazzana,683953,7.0,2B,Confirmed,3.91,,,,,0.72,0.22,0.724,,0.217,,0.803,,0.033,,0.8,0.33,0.28,1.42,0.03,1.16,1.159,,False,96.0,99.0,96.0,88.0,93.0,91.0,91.0,92.0,94.0,high,high,high,high,high,high,high,high,high,2026-09-04
hitter,CLE,DET,Patrick Bailey,672275,8.0,C,Confirmed,3.95,,,,,0.84,0.27,0.844,,0.271,,0.803,,0.043,,0.8,0.35,0.29,1.44,0.04,1.2,1.199,,False,96.0,99.0,96.0,88.0,93.0,91.0,91.0,92.0,94.0,high,high,high,high,high,high,high,high,high,2026-09-04
hitter,CLE,DET,Brayan Rocchio,677587,9.0,SS,Confirmed,3.95,,,,,0.41,0.21,0.414,,0.207,,0.947,,0.03,,0.95,0.38,0.33,1.66,0.03,1.44,1.441,,False,96.0,99.0,96.0,88.0,93.0,91.0,91.0,92.0,94.0,high,high,high,high,high,high,high,high,high,2026-09-04
hitter,DET,CLE,Gleyber Torres,650402,1.0,DH,Confirmed,3.73,,,,,0.72,0.44,0.724,,0.441,,0.909,,0.033,,0.91,0.46,0.32,1.69,0.03,1.18,1.179,,False,96.0,99.0,96.0,88.0,93.0,91.0,91.0,92.0,94.0,high,high,high,high,high,high,high,high,high,2026-09-04
hitter,DET,CLE,Kevin McGonigle,805808,2.0,3B,Confirmed,4.69,,,,,0.59,0.62,0.595,,0.618,,1.139,,0.051,,1.14,0.6,0.4,2.14,0.05,1.59,1.585,,False,96.0,99.0,96.0,88.0,93.0,91.0,91.0,92.0,94.0,high,high,high,high,high,high,high,high,high,2026-09-04
hitter,DET,CLE,Hao-Yu Lee,701678,3.0,2B,Confirmed,3.6,,,,,0.67,0.37,0.667,,0.367,,0.831,,0.05,,0.83,0.43,0.35,1.61,0.05,1.35,1.35,,False,96.0,99.0,96.0,88.0,93.0,91.0,91.0,92.0,94.0,high,high,high,high,high,high,high,high,high,2026-09-04
hitter,DET,CLE,Dillon Dingler,693307,4.0,C,Confirmed,4.59,,,,,1.03,0.31,1.026,,0.311,,1.198,,0.084,,1.2,0.59,0.51,2.29,0.08,1.92,1.915,,False,96.0,99.0,96.0,88.0,93.0,91.0,91.0,92.0,94.0,high,high,high,high,high,high,high,high,high,2026-09-04
hitter,DET,CLE,Riley Greene,682985,5.0,LF,Confirmed,4.69,,,,,1.09,0.62,1.088,,0.618,,1.139,,0.073,,1.14,0.61,0.48,2.23,0.07,1.88,1.882,,False,96.0,99.0,96.0,88.0,93.0,91.0,91.0,92.0,94.0,high,high,high,high,high,high,high,high,high,2026-09-04
hitter,DET,CLE,Ben Malgeri,701162,6.0,RF,Confirmed,3.84,,,,,0.84,0.37,0.837,,0.367,,0.803,,0.032,,0.8,0.36,0.32,1.48,0.03,1.19,1.189,,False,96.0,99.0,96.0,88.0,93.0,91.0,91.0,92.0,94.0,high,high,high,high,high,high,high,high,high,2026-09-04
hitter,DET,CLE,Spencer Torkelson,679529,7.0,1B,Confirmed,4.11,,,,,1.07,0.44,1.066,,0.441,,0.964,,0.071,,0.96,0.45,0.36,1.77,0.07,1.68,1.677,,False,96.0,99.0,96.0,88.0,93.0,91.0,91.0,92.0,94.0,high,high,high,high,high,high,high,high,high,2026-09-04
hitter,DET,CLE,Max Clark,703601,8.0,CF,Confirmed,4.0,,,,,0.84,0.37,0.837,,0.367,,1.087,,0.056,,1.09,0.47,0.39,1.95,0.06,1.63,1.631,,False,96.0,99.0,96.0,88.0,93.0,91.0,91.0,92.0,94.0,high,high,high,high,high,high,high,high,high,2026-09-04
hitter,DET,CLE,Javier Báez,595879,9.0,SS,Confirmed,3.6,,,,,0.6,0.24,0.596,,0.24,,0.947,,0.044,,0.95,0.39,0.34,1.68,0.04,1.25,1.253,,False,96.0,99.0,96.0,88.0,93.0,91.0,91.0,92.0,94.0,high,high,high,high,high,high,high,high,high,2026-09-04
hitter,CLE,DET,Steven Kwan,680757,1.0,CF,Confirmed,4.4,,,,,0.36,0.37,0.36,,0.367,,0.909,,0.013,,0.91,0.44,0.3,1.65,0.01,1.18,1.185,,False,96.0,99.0,96.0,88.0,93.0,91.0,91.0,92.0,94.0,high,high,high,high,high,high,high,high,high,2026-09-04
hitter,CLE,DET,Chase DeLauter,800050,2.0,DH,Confirmed,4.0,,,,,0.59,0.27,0.595,,0.271,,0.909,,0.034,,0.91,0.43,0.32,1.66,0.03,1.34,1.339,,False,96.0,99.0,96.0,88.0,93.0,91.0,91.0,92.0,94.0,high,high,high,high,high,high,high,high,high,2026-09-04
hitter,CLE,DET,José Ramírez,608070,3.0,3B,Confirmed,4.11,,,,,0.42,0.27,0.417,,0.271,,0.883,,0.033,,0.88,0.42,0.35,1.66,0.03,1.21,1.214,,False,96.0,99.0,96.0,88.0,93.0,91.0,91.0,92.0,94.0,high,high,high,high,high,high,high,high,high,2026-09-04
hitter,CLE,DET,Jo Adell,666176,4.0,LF,Confirmed,4.11,,,,,0.81,0.22,0.815,,0.217,,0.883,,0.061,,0.88,0.43,0.37,1.69,0.06,1.42,1.42,,False,96.0,99.0,96.0,88.0,93.0,91.0,91.0,92.0,94.0,high,high,high,high,high,high,high,high,high,2026-09-04
hitter,CLE,DET,Angel Martínez,682657,5.0,LF,Confirmed,3.85,,,,,0.72,0.16,0.724,,0.162,,0.815,,0.047,,0.82,0.38,0.34,1.54,0.05,1.31,1.313,,False,96.0,99.0,96.0,88.0,93.0,91.0,91.0,92.0,94.0,high,high,high,high,high,high,high,high,high,2026-09-04
hitter,CLE,DET,David Fry,681807,6.0,LF,Confirmed,1.98,,,,,0.62,0.11,0.615,,0.11,,0.118,,0.009,,0.12,0.06,0.05,0.23,0.01,0.31,0.306,,False,96.0,99.0,96.0,88.0,93.0,91.0,91.0,92.0,94.0,high,high,high,high,high,high,high,high,high,2026-09-04
hitter,CLE,DET,Angel Genao,694197,7.0,2B,Confirmed,3.33,,,,,0.42,0.16,0.417,,0.162,,0.803,,0.029,,0.8,0.32,0.28,1.41,0.03,1.14,1.135,,False,96.0,99.0,96.0,88.0,93.0,91.0,91.0,92.0,94.0,high,high,high,high,high,high,high,high,high,2026-09-04
hitter,CLE,DET,Austin Hedges,595978,8.0,C,Confirmed,3.4,,,,,0.54,0.22,0.537,,0.217,,0.74,,0.026,,0.74,0.31,0.26,1.3,0.03,1.06,1.064,,False,96.0,99.0,96.0,88.0,93.0,91.0,91.0,92.0,94.0,high,high,high,high,high,high,high,high,high,2026-09-04
hitter,CLE,DET,Brayan Rocchio,677587,9.0,SS,Confirmed,3.95,,,,,0.41,0.21,0.414,,0.207,,0.947,,0.03,,0.95,0.38,0.33,1.66,0.03,1.44,1.441,,False,96.0,99.0,96.0,88.0,93.0,91.0,91.0,92.0,94.0,high,high,high,high,high,high,high,high,high,2026-09-04
hitter,DET,CLE,Gleyber Torres,650402,1.0,2B,Confirmed,3.73,,,,,0.72,0.44,0.724,,0.441,,0.909,,0.033,,0.91,0.46,0.32,1.69,0.03,1.18,1.179,,False,96.0,99.0,96.0,88.0,93.0,91.0,91.0,92.0,94.0,high,high,high,high,high,high,high,high,high,2026-09-04
hitter,DET,CLE,Hao-Yu Lee,701678,2.0,DH,Confirmed,3.6,,,,,0.67,0.37,0.667,,0.367,,0.831,,0.05,,0.83,0.43,0.3,1.57,0.05,1.35,1.35,,False,96.0,99.0,96.0,88.0,93.0,91.0,91.0,92.0,94.0,high,high,high,high,high,high,high,high,high,2026-09-04
hitter,DET,CLE,Kevin McGonigle,805808,3.0,SS,Confirmed,4.69,,,,,0.59,0.62,0.595,,0.618,,1.139,,0.051,,1.14,0.6,0.46,2.2,0.05,1.59,1.585,,False,96.0,99.0,96.0,88.0,93.0,91.0,91.0,92.0,94.0,high,high,high,high,high,high,high,high,high,2026-09-04
hitter,DET,CLE,Eduardo Valencia,680664,4.0,C,Confirmed,3.67,,,,,0.84,0.27,0.844,,0.271,,1.198,,0.052,,1.2,0.56,0.48,2.24,0.05,1.82,1.818,,False,96.0,99.0,96.0,88.0,93.0,91.0,91.0,92.0,94.0,high,high,high,high,high,high,high,high,high,2026-09-04
hitter,DET,CLE,Spencer Torkelson,679529,5.0,1B,Confirmed,4.11,,,,,1.07,0.44,1.066,,0.441,,0.964,,0.071,,0.96,0.51,0.41,1.89,0.07,1.68,1.677,,False,96.0,99.0,96.0,88.0,93.0,91.0,91.0,92.0,94.0,high,high,high,high,high,high,high,high,high,2026-09-04
hitter,DET,CLE,Max Clark,703601,6.0,CF,Confirmed,4.0,,,,,0.84,0.37,0.837,,0.367,,1.087,,0.056,,1.09,0.47,0.44,2.0,0.06,1.63,1.631,,False,96.0,99.0,96.0,88.0,93.0,91.0,91.0,92.0,94.0,high,high,high,high,high,high,high,high,high,2026-09-04
hitter,DET,CLE,Ben Malgeri,701162,7.0,LF,Confirmed,3.84,,,,,0.84,0.37,0.837,,0.367,,0.803,,0.032,,0.8,0.36,0.28,1.44,0.03,1.19,1.189,,False,96.0,99.0,96.0,88.0,93.0,91.0,91.0,92.0,94.0,high,high,high,high,high,high,high,high,high,2026-09-04
hitter,DET,CLE,John Peck,807726,8.0,SS,Confirmed,3.33,,,,,0.59,0.27,0.595,,0.271,,0.803,,0.024,,0.8,0.34,0.28,1.42,0.02,0.93,0.933,,False,96.0,99.0,96.0,88.0,93.0,91.0,91.0,92.0,94.0,high,high,high,high,high,high,high,high,high,2026-09-04
hitter,DET,CLE,Zach McKinstry,656716,9.0,RF,Confirmed,3.85,,,,,0.59,0.31,0.588,,0.311,,0.909,,0.034,,0.91,0.39,0.32,1.61,0.03,1.3,1.302,,False,96.0,99.0,96.0,88.0,93.0,91.0,91.0,92.0,94.0,high,high,high,high,high,high,high,high,high,2026-09-04
hitter,CIN,MIL,Dane Myers,667472,1.0,CF,Confirmed,3.67,,,,,0.93,0.24,0.93,,0.24,,0.791,,0.093,,0.79,0.41,0.32,1.53,0.09,1.35,1.347,,False,96.0,99.0,96.0,88.0,93.0,91.0,91.0,92.0,94.0,high,high,high,high,high,high,high,high,high,2026-09-04
hitter,CIN,MIL,Elly De La Cruz,682829,2.0,SS,Confirmed,4.59,,,,,1.48,0.44,1.481,,0.441,,1.087,,0.269,,1.09,0.67,0.54,2.3,0.27,2.05,2.046,,False,96.0,99.0,96.0,88.0,93.0,91.0,91.0,92.0,94.0,high,high,high,high,high,high,high,high,high,2026-09-04
hitter,CIN,MIL,Sal Stewart,701398,3.0,1B,Confirmed,4.59,,,,,1.27,0.31,1.267,,0.311,,0.964,,0.24,,0.96,0.58,0.55,2.09,0.24,1.83,1.833,,False,96.0,99.0,96.0,88.0,93.0,91.0,91.0,92.0,94.0,high,high,high,high,high,high,high,high,high,2026-09-04
hitter,CIN,MIL,Tyler Stephenson,663886,4.0,C,Confirmed,4.4,,,,,1.48,0.31,1.481,,0.311,,0.791,,0.195,,0.79,0.49,0.45,1.73,0.19,1.57,1.574,,False,96.0,99.0,96.0,88.0,93.0,91.0,91.0,92.0,94.0,high,high,high,high,high,high,high,high,high,2026-09-04
hitter,CIN,MIL,Eugenio Suárez,553993,5.0,DH,Confirmed,4.41,,,,,1.48,0.37,1.481,,0.367,,0.964,,0.259,,0.96,0.6,0.56,2.13,0.26,1.94,1.944,,False,96.0,99.0,96.0,88.0,93.0,91.0,91.0,92.0,94.0,high,high,high,high,high,high,high,high,high,2026-09-04
hitter,CIN,MIL,JJ Bleday,668709,6.0,LF,Confirmed,4.59,,,,,1.27,0.44,1.267,,0.441,,1.087,,0.233,,1.09,0.57,0.59,2.25,0.23,2.02,2.016,,False,96.0,99.0,96.0,88.0,93.0,91.0,91.0,92.0,94.0,high,high,high,high,high,high,high,high,high,2026-09-04
hitter,CIN,MIL,Matt McLain,680574,7.0,2B,Confirmed,3.95,,,,,1.27,0.24,1.267,,0.24,,0.81,,0.14,,0.81,0.39,0.36,1.57,0.14,1.34,1.344,,False,96.0,99.0,96.0,88.0,93.0,91.0,91.0,92.0,94.0,high,high,high,high,high,high,high,high,high,2026-09-04
hitter,CIN,MIL,Héctor Rodríguez,699302,8.0,RF,Confirmed,4.11,,,,,1.27,0.22,1.27,,0.217,,0.947,,0.148,,0.95,0.44,0.41,1.8,0.15,1.58,1.58,,False,96.0,99.0,96.0,88.0,93.0,91.0,91.0,92.0,94.0,high,high,high,high,high,high,high,high,high,2026-09-04
hitter,CIN,MIL,Edwin Arroyo,695490,9.0,3B,Confirmed,3.91,,,,,1.03,0.15,1.029,,0.15,,0.909,,0.094,,0.91,0.39,0.36,1.66,0.09,1.43,1.432,,False,96.0,99.0,96.0,88.0,93.0,91.0,91.0,92.0,94.0,high,high,high,high,high,high,high,high,high,2026-09-04
hitter,MIL,CIN,Sal Frelick,686217,1.0,RF,Confirmed,2.23,,,,,0.42,0.06,0.417,,0.059,,0.571,,0.079,,0.57,0.28,0.24,1.1,0.08,0.92,0.922,,False,96.0,99.0,96.0,88.0,93.0,91.0,91.0,92.0,94.0,high,high,high,high,high,high,high,high,high,2026-09-04
hitter,MIL,CIN,Jake Bauers,641343,2.0,1B,Confirmed,4.53,,,,,1.48,0.22,1.481,,0.217,,0.964,,0.259,,0.96,0.58,0.5,2.04,0.26,1.8,1.805,,False,96.0,99.0,96.0,88.0,93.0,91.0,91.0,92.0,94.0,high,high,high,high,high,high,high,high,high,2026-09-04
hitter,MIL,CIN,Jackson Chourio,694192,3.0,LF,Confirmed,4.11,,,,,1.27,0.15,1.267,,0.15,,0.981,,0.222,,0.98,0.55,0.54,2.07,0.22,1.84,1.842,,False,96.0,99.0,96.0,88.0,93.0,91.0,91.0,92.0,94.0,high,high,high,high,high,high,high,high,high,2026-09-04
hitter,MIL,CIN,Christian Yelich,592885,4.0,DH,Confirmed,4.11,,,,,1.3,0.15,1.3,,0.15,,0.964,,0.159,,0.96,0.51,0.48,1.95,0.16,1.77,1.769,,False,96.0,99.0,96.0,88.0,93.0,91.0,91.0,92.0,94.0,high,high,high,high,high,high,high,high,high,2026-09-04
hitter,MIL,CIN,William Contreras,661388,5.0,C,Confirmed,4.22,,,,,0.72,0.15,0.724,,0.15,,1.139,,0.177,,1.14,0.59,0.56,2.29,0.18,2.04,2.037,,False,96.0,99.0,96.0,88.0,93.0,91.0,91.0,92.0,94.0,high,high,high,high,high,high,high,high,high,2026-09-04
hitter,MIL,CIN,Brice Turang,668930,6.0,2B,Confirmed,4.11,,,,,1.27,0.17,1.267,,0.175,,0.947,,0.18,,0.95,0.45,0.49,1.89,0.18,1.64,1.638,,False,96.0,99.0,96.0,88.0,93.0,91.0,91.0,92.0,94.0,high,high,high,high,high,high,high,high,high,2026-09-04
hitter,MIL,CIN,Garrett Mitchell,669003,7.0,CF,Confirmed,3.33,,,,,1.07,0.11,1.066,,0.11,,0.803,,0.169,,0.8,0.38,0.38,1.57,0.17,1.65,1.647,,False,96.0,99.0,96.0,88.0,93.0,91.0,91.0,92.0,94.0,high,high,high,high,high,high,high,high,high,2026-09-04
hitter,MIL,CIN,Cooper Pratt,806198,8.0,SS,Confirmed,3.6,,,,,0.84,0.11,0.837,,0.11,,0.883,,0.096,,0.88,0.38,0.35,1.61,0.1,1.41,1.413,,False,96.0,99.0,96.0,88.0,93.0,91.0,91.0,92.0,94.0,high,high,high,high,high,high,high,high,high,2026-09-04
hitter,MIL,CIN,David Hamilton,666152,9.0,3B,Confirmed,3.2,,,,,0.72,0.09,0.724,,0.087,,0.74,,0.079,,0.74,0.31,0.3,1.35,0.08,1.14,1.137,,False,96.0,99.0,96.0,88.0,93.0,91.0,91.0,92.0,94.0,high,high,high,high,high,high,high,high,high,2026-09-04
hitter,PHI,ATL,Kyle Schwarber,656941,1.0,DH,Confirmed,3.91,,,,,1.48,0.15,1.481,,0.15,,0.571,,0.055,,0.57,0.29,0.22,1.08,0.05,0.87,0.871,,False,96.0,99.0,96.0,88.0,93.0,91.0,91.0,92.0,94.0,high,high,high,high,high,high,high,high,high,2026-09-04
hitter,PHI,ATL,Trea Turner,607208,2.0,SS,Confirmed,3.84,,,,,1.09,0.06,1.088,,0.059,,0.662,,0.036,,0.66,0.3,0.24,1.2,0.04,0.86,0.86,,False,96.0,99.0,96.0,88.0,93.0,91.0,91.0,92.0,94.0,high,high,high,high,high,high,high,high,high,2026-09-04
hitter,PHI,ATL,Bryce Harper,547180,3.0,RF,Confirmed,4.0,,,,,1.36,0.17,1.361,,0.175,,0.462,,0.046,,0.46,0.24,0.21,0.91,0.05,0.69,0.686,,False,96.0,99.0,96.0,88.0,93.0,91.0,91.0,92.0,94.0,high,high,high,high,high,high,high,high,high,2026-09-04
hitter,PHI,ATL,Luis Arraez,650333,4.0,2B,Confirmed,3.91,,,,,0.41,0.06,0.414,,0.059,,0.81,,0.009,,0.81,0.34,0.3,1.45,0.01,1.01,1.011,,False,96.0,99.0,96.0,88.0,93.0,91.0,91.0,92.0,94.0,high,high,high,high,high,high,high,high,high,2026-09-04
hitter,PHI,ATL,Alec Bohm,664761,5.0,1B,Confirmed,3.95,,,,,0.81,0.09,0.815,,0.087,,0.74,,0.035,,0.74,0.33,0.3,1.37,0.04,0.91,0.912,,False,96.0,99.0,96.0,88.0,93.0,91.0,91.0,92.0,94.0,high,high,high,high,high,high,high,high,high,2026-09-04
hitter,PHI,ATL,Edmundo Sosa,624641,6.0,3B,Confirmed,2.14,,,,,0.84,0.0,0.844,,0.0,,0.296,,0.023,,0.3,0.11,0.13,0.54,0.02,0.43,0.432,,False,96.0,99.0,96.0,88.0,93.0,91.0,91.0,92.0,94.0,high,high,high,high,high,high,high,high,high,2026-09-04
hitter,PHI,ATL,Bryan De La Cruz,650559,7.0,LF,Confirmed,2.63,,,,,0.84,0.02,0.837,,0.017,,0.429,,0.017,,0.43,0.16,0.15,0.74,0.02,0.6,0.6,,False,96.0,99.0,96.0,88.0,93.0,91.0,91.0,92.0,94.0,high,high,high,high,high,high,high,high,high,2026-09-04
hitter,PHI,ATL,J.T. Realmuto,592663,8.0,C,Confirmed,3.67,,,,,1.07,0.06,1.066,,0.059,,0.571,,0.036,,0.57,0.23,0.21,1.01,0.04,0.73,0.725,,False,96.0,99.0,96.0,88.0,93.0,91.0,91.0,92.0,94.0,high,high,high,high,high,high,high,high,high,2026-09-04
hitter,PHI,ATL,Derek Hill,656537,9.0,CF,Confirmed,3.2,,,,,1.09,0.05,1.088,,0.048,,0.448,,0.019,,0.45,0.17,0.16,0.78,0.02,0.66,0.659,,False,96.0,99.0,96.0,88.0,93.0,91.0,91.0,92.0,94.0,high,high,high,high,high,high,high,high,high,2026-09-04
hitter,ATL,PHI,Ronald Acuña Jr.,660670,1.0,RF,Confirmed,3.91,,,,,1.48,0.21,1.481,,0.207,,0.296,,0.04,,0.3,0.18,0.12,0.6,0.04,0.5,0.498,,False,96.0,99.0,96.0,88.0,93.0,91.0,91.0,92.0,94.0,high,high,high,high,high,high,high,high,high,2026-09-04
hitter,ATL,PHI,Drake Baldwin,686948,2.0,DH,Confirmed,3.91,,,,,1.32,0.17,1.32,,0.175,,0.296,,0.042,,0.3,0.18,0.13,0.6,0.04,0.52,0.518,,False,96.0,99.0,96.0,88.0,93.0,91.0,91.0,92.0,94.0,high,high,high,high,high,high,high,high,high,2026-09-04
hitter,ATL,PHI,Ozzie Albies,645277,3.0,2B,Confirmed,3.67,,,,,0.84,0.15,0.844,,0.15,,0.313,,0.03,,0.31,0.17,0.14,0.62,0.03,0.53,0.533,,False,96.0,99.0,96.0,88.0,93.0,91.0,91.0,92.0,94.0,high,high,high,high,high,high,high,high,high,2026-09-04
hitter,ATL,PHI,Matt Olson,621566,4.0,1B,Confirmed,3.91,,,,,1.48,0.21,1.481,,0.207,,0.313,,0.055,,0.31,0.2,0.16,0.67,0.06,0.57,0.573,,False,96.0,99.0,96.0,88.0,93.0,91.0,91.0,92.0,94.0,high,high,high,high,high,high,high,high,high,2026-09-04
hitter,ATL,PHI,Lane Thomas,657041,5.0,LF,Confirmed,2.99,,,,,1.07,0.15,1.066,,0.15,,0.296,,0.024,,0.3,0.16,0.13,0.59,0.02,0.48,0.479,,False,96.0,99.0,96.0,88.0,93.0,91.0,91.0,92.0,94.0,high,high,high,high,high,high,high,high,high,2026-09-04
hitter,ATL,PHI,Mauricio Dubón,643289,6.0,SS,Confirmed,3.73,,,,,0.5,0.11,0.498,,0.11,,0.571,,0.02,,0.57,0.23,0.23,1.02,0.02,0.72,0.724,,False,96.0,99.0,96.0,88.0,93.0,91.0,91.0,92.0,94.0,high,high,high,high,high,high,high,high,high,2026-09-04
hitter,ATL,PHI,Sean Murphy,669221,7.0,C,Confirmed,3.2,,,,,1.27,0.15,1.27,,0.148,,0.296,,0.029,,0.3,0.14,0.12,0.56,0.03,0.45,0.454,,False,96.0,99.0,96.0,88.0,93.0,91.0,91.0,92.0,94.0,high,high,high,high,high,high,high,high,high,2026-09-04
hitter,ATL,PHI,Austin Riley,663586,8.0,3B,Confirmed,3.6,,,,,1.48,0.16,1.481,,0.162,,0.296,,0.044,,0.3,0.15,0.13,0.58,0.04,0.42,0.418,,False,96.0,99.0,96.0,88.0,93.0,91.0,91.0,92.0,94.0,high,high,high,high,high,high,high,high,high,2026-09-04
hitter,ATL,PHI,Ha-Seong Kim,673490,9.0,SS,Confirmed,2.9,,,,,0.93,0.11,0.93,,0.11,,0.118,,0.012,,0.12,0.07,0.05,0.23,0.01,0.31,0.307,,False,96.0,99.0,96.0,88.0,93.0,91.0,91.0,92.0,94.0,high,high,high,high,high,high,high,high,high,2026-09-04
hitter,PIT,LAA,Spencer Horwitz,687462,1.0,1B,Confirmed,4.4,,,,,0.5,0.75,0.498,,0.747,,0.74,,0.043,,0.74,0.46,0.27,1.47,0.04,1.05,1.049,,False,96.0,99.0,96.0,88.0,93.0,91.0,91.0,92.0,94.0,high,high,high,high,high,high,high,high,high,2026-09-04
hitter,PIT,LAA,Brandon Lowe,664040,2.0,2B,Confirmed,4.22,,,,,0.84,0.88,0.844,,0.875,,0.443,,0.066,,0.44,0.38,0.19,1.01,0.07,0.84,0.836,,False,96.0,99.0,96.0,88.0,93.0,91.0,91.0,92.0,94.0,high,high,high,high,high,high,high,high,high,2026-09-04
hitter,PIT,LAA,Bryan Reynolds,668804,3.0,RF,Confirmed,4.22,,,,,0.59,0.88,0.595,,0.875,,0.662,,0.056,,0.66,0.46,0.29,1.41,0.06,0.95,0.955,,False,96.0,99.0,96.0,88.0,93.0,91.0,91.0,92.0,94.0,high,high,high,high,high,high,high,high,high,2026-09-04
hitter,PIT,LAA,Nick Gonzales,693304,4.0,DH,Confirmed,4.11,,,,,0.41,0.59,0.414,,0.59,,0.662,,0.031,,0.66,0.39,0.27,1.32,0.03,0.92,0.919,,False,96.0,99.0,96.0,88.0,93.0,91.0,91.0,92.0,94.0,high,high,high,high,high,high,high,high,high,2026-09-04
hitter,PIT,LAA,Oneil Cruz,665833,5.0,CF,Confirmed,4.44,,,,,1.03,1.09,1.029,,1.091,,0.571,,0.08,,0.57,0.48,0.27,1.33,0.08,0.99,0.987,,False,96.0,99.0,96.0,88.0,93.0,91.0,91.0,92.0,94.0,high,high,high,high,high,high,high,high,high,2026-09-04
hitter,PIT,LAA,Konnor Griffin,804606,6.0,SS,Confirmed,4.22,,,,,0.72,0.59,0.724,,0.59,,0.571,,0.053,,0.57,0.32,0.25,1.15,0.05,0.88,0.88,,False,96.0,99.0,96.0,88.0,93.0,91.0,91.0,92.0,94.0,high,high,high,high,high,high,high,high,high,2026-09-04
hitter,PIT,LAA,Jake Mangum,663968,7.0,LF,Confirmed,3.85,,,,,0.59,0.37,0.588,,0.367,,0.662,,0.028,,0.66,0.31,0.23,1.2,0.03,1.06,1.061,,False,96.0,99.0,96.0,88.0,93.0,91.0,91.0,92.0,94.0,high,high,high,high,high,high,high,high,high,2026-09-04
hitter,PIT,LAA,Jacob Gonzalez,694378,8.0,3B,Confirmed,2.63,,,,,0.36,0.31,0.36,,0.311,,0.313,,0.025,,0.31,0.17,0.12,0.61,0.02,0.61,0.614,,False,96.0,99.0,96.0,88.0,93.0,91.0,91.0,92.0,94.0,high,high,high,high,high,high,high,high,high,2026-09-04
hitter,PIT,LAA,Henry Davis,680779,9.0,C,Confirmed,3.33,,,,,0.59,0.37,0.588,,0.367,,0.448,,0.052,,0.45,0.24,0.18,0.87,0.05,0.88,0.881,,False,96.0,99.0,96.0,88.0,93.0,91.0,91.0,92.0,94.0,high,high,high,high,high,high,high,high,high,2026-09-04
hitter,LAA,PIT,Zach Neto,687263,1.0,SS,Confirmed,4.23,,,,,1.48,0.27,1.481,,0.271,,1.087,,0.251,,1.09,0.63,0.53,2.25,0.25,2.13,2.133,,False,96.0,99.0,96.0,88.0,93.0,91.0,91.0,92.0,94.0,high,high,high,high,high,high,high,high,high,2026-09-04
hitter,LAA,PIT,Mike Trout,545361,2.0,CF,Confirmed,4.4,,,,,1.32,0.37,1.32,,0.367,,1.139,,0.245,,1.14,0.67,0.54,2.35,0.24,2.3,2.299,,False,96.0,99.0,96.0,88.0,93.0,91.0,91.0,92.0,94.0,high,high,high,high,high,high,high,high,high,2026-09-04
hitter,LAA,PIT,Wade Meckler,685133,3.0,LF,Confirmed,3.91,,,,,0.81,0.22,0.815,,0.217,,0.81,,0.08,,0.81,0.41,0.36,1.58,0.08,1.39,1.388,,False,96.0,99.0,96.0,88.0,93.0,91.0,91.0,92.0,94.0,high,high,high,high,high,high,high,high,high,2026-09-04
hitter,LAA,PIT,Vaughn Grissom,687093,4.0,1B,Confirmed,4.11,,,,,0.84,0.16,0.837,,0.162,,1.139,,0.13,,1.14,0.56,0.52,2.22,0.13,1.86,1.858,,False,96.0,99.0,96.0,88.0,93.0,91.0,91.0,92.0,94.0,high,high,high,high,high,high,high,high,high,2026-09-04
hitter,LAA,PIT,Moisés Ballesteros,694208,5.0,C,Confirmed,3.91,,,,,0.93,0.16,0.93,,0.162,,0.831,,0.126,,0.83,0.43,0.41,1.67,0.13,1.53,1.533,,False,96.0,99.0,96.0,88.0,93.0,91.0,91.0,92.0,94.0,high,high,high,high,high,high,high,high,high,2026-09-04
hitter,LAA,PIT,Christian Moore,695681,6.0,2B,Confirmed,3.91,,,,,1.09,0.22,1.088,,0.217,,0.803,,0.123,,0.8,0.38,0.39,1.58,0.12,1.37,1.372,,False,96.0,99.0,96.0,88.0,93.0,91.0,91.0,92.0,94.0,high,high,high,high,high,high,high,high,high,2026-09-04
hitter,LAA,PIT,Jose Siri,642350,7.0,LF,Confirmed,2.93,,,,,1.03,0.11,1.029,,0.11,,0.571,,0.097,,0.57,0.27,0.25,1.09,0.1,0.96,0.961,,False,96.0,99.0,96.0,88.0,93.0,91.0,91.0,92.0,94.0,high,high,high,high,high,high,high,high,high,2026-09-04
hitter,LAA,PIT,Adam Frazier,624428,8.0,DH,Confirmed,2.69,,,,,0.72,0.11,0.724,,0.11,,0.571,,0.061,,0.57,0.25,0.23,1.05,0.06,1.01,1.007,,False,96.0,99.0,96.0,88.0,93.0,91.0,91.0,92.0,94.0,high,high,high,high,high,high,high,high,high,2026-09-04
hitter,LAA,PIT,Oswald Peraza,672724,9.0,3B,Confirmed,3.2,,,,,1.03,0.11,1.026,,0.11,,0.74,,0.089,,0.74,0.32,0.3,1.36,0.09,1.17,1.167,,False,96.0,99.0,96.0,88.0,93.0,91.0,91.0,92.0,94.0,high,high,high,high,high,high,high,high,high,2026-09-04
hitter,BAL,BOS,Blaze Alexander,677942,1.0,RF,Confirmed,4.4,,,,,0.5,0.24,0.498,,0.24,,1.198,,0.109,,1.2,0.59,0.46,2.25,0.11,1.98,1.981,,False,96.0,99.0,96.0,88.0,93.0,91.0,91.0,92.0,94.0,high,high,high,high,high,high,high,high,high,2026-09-04
hitter,BAL,BOS,Coby Mayo,691723,2.0,DH,Confirmed,3.33,,,,,0.72,0.24,0.724,,0.24,,0.803,,0.222,,0.8,0.49,0.42,1.71,0.22,1.52,1.522,,False,96.0,99.0,96.0,88.0,93.0,91.0,91.0,92.0,94.0,high,high,high,high,high,high,high,high,high,2026-09-04
hitter,BAL,BOS,Luis Robert Jr.,673357,3.0,CF,Confirmed,3.67,,,,,0.67,0.31,0.667,,0.311,,0.815,,0.173,,0.82,0.48,0.44,1.74,0.17,1.44,1.442,,False,96.0,99.0,96.0,88.0,93.0,91.0,91.0,92.0,94.0,high,high,high,high,high,high,high,high,high,2026-09-04
hitter,BAL,BOS,Pete Alonso,624413,4.0,1B,Confirmed,4.4,,,,,0.72,0.37,0.724,,0.367,,1.139,,0.235,,1.14,0.66,0.61,2.41,0.24,1.97,1.974,,False,96.0,99.0,96.0,88.0,93.0,91.0,91.0,92.0,94.0,high,high,high,high,high,high,high,high,high,2026-09-04
hitter,BAL,BOS,Gunnar Henderson,683002,5.0,SS,Confirmed,4.4,,,,,0.5,0.37,0.498,,0.367,,1.087,,0.17,,1.09,0.6,0.54,2.23,0.17,1.84,1.843,,False,96.0,99.0,96.0,88.0,93.0,91.0,91.0,92.0,94.0,high,high,high,high,high,high,high,high,high,2026-09-04
hitter,BAL,BOS,Christian Encarnacion-Strand,687952,6.0,3B,Confirmed,3.2,,,,,0.64,0.16,0.638,,0.162,,0.74,,0.17,,0.74,0.37,0.41,1.52,0.17,1.41,1.407,,False,96.0,99.0,96.0,88.0,93.0,91.0,91.0,92.0,94.0,high,high,high,high,high,high,high,high,high,2026-09-04
hitter,BAL,BOS,Jackson Holliday,702616,7.0,2B,Confirmed,4.59,,,,,0.54,0.31,0.537,,0.311,,1.139,,0.104,,1.14,0.5,0.44,2.08,0.1,1.72,1.723,,False,96.0,99.0,96.0,88.0,93.0,91.0,91.0,92.0,94.0,high,high,high,high,high,high,high,high,high,2026-09-04
hitter,BAL,BOS,Carlos Narváez,665966,8.0,C,Confirmed,2.23,,,,,0.59,0.17,0.595,,0.175,,0.571,,0.096,,0.57,0.28,0.25,1.1,0.1,0.98,0.977,,False,96.0,99.0,96.0,88.0,93.0,91.0,91.0,92.0,94.0,high,high,high,high,high,high,high,high,high,2026-09-04
hitter,BAL,BOS,Leody Taveras,665750,9.0,LF,Confirmed,3.67,,,,,0.6,0.24,0.596,,0.24,,0.81,,0.094,,0.81,0.37,0.33,1.51,0.09,1.27,1.27,,False,96.0,99.0,96.0,88.0,93.0,91.0,91.0,92.0,94.0,high,high,high,high,high,high,high,high,high,2026-09-04
hitter,BOS,BAL,Roman Anthony,701350,1.0,DH,Confirmed,4.61,,,,,0.84,0.62,0.844,,0.618,,0.964,,0.047,,0.96,0.53,0.35,1.84,0.05,1.53,1.534,,False,96.0,99.0,96.0,88.0,93.0,91.0,91.0,92.0,94.0,high,high,high,high,high,high,high,high,high,2026-09-04
hitter,BOS,BAL,Mickey Gasper,681508,2.0,1B,Confirmed,3.67,,,,,0.67,0.44,0.667,,0.441,,0.74,,0.042,,0.74,0.4,0.27,1.41,0.04,0.97,0.967,,False,96.0,99.0,96.0,88.0,93.0,91.0,91.0,92.0,94.0,high,high,high,high,high,high,high,high,high,2026-09-04
hitter,BOS,BAL,Adley Rutschman,668939,3.0,C,Confirmed,4.22,,,,,0.67,0.37,0.667,,0.367,,0.947,,0.038,,0.95,0.47,0.38,1.8,0.04,1.33,1.325,,False,96.0,99.0,96.0,88.0,93.0,91.0,91.0,92.0,94.0,high,high,high,high,high,high,high,high,high,2026-09-04
hitter,BOS,BAL,Wilyer Abreu,677800,4.0,RF,Confirmed,4.69,,,,,0.84,0.59,0.844,,0.589,,0.909,,0.059,,0.91,0.51,0.38,1.8,0.06,1.44,1.436,,False,96.0,99.0,96.0,88.0,93.0,91.0,91.0,92.0,94.0,high,high,high,high,high,high,high,high,high,2026-09-04
hitter,BOS,BAL,Nick Sogard,686765,5.0,1B,Confirmed,4.4,,,,,0.72,0.58,0.724,,0.575,,0.909,,0.029,,0.91,0.49,0.36,1.75,0.03,1.13,1.133,,False,96.0,99.0,96.0,88.0,93.0,91.0,91.0,92.0,94.0,high,high,high,high,high,high,high,high,high,2026-09-04
hitter,BOS,BAL,Caleb Durbin,702332,6.0,3B,Confirmed,4.11,,,,,0.5,0.37,0.498,,0.367,,0.909,,0.021,,0.91,0.39,0.35,1.65,0.02,1.1,1.102,,False,96.0,99.0,96.0,88.0,93.0,91.0,91.0,92.0,94.0,high,high,high,high,high,high,high,high,high,2026-09-04
hitter,BOS,BAL,Jarren Duran,680776,7.0,LF,Confirmed,3.85,,,,,0.84,0.31,0.844,,0.311,,0.74,,0.052,,0.74,0.34,0.28,1.35,0.05,1.09,1.093,,False,96.0,99.0,96.0,88.0,93.0,91.0,91.0,92.0,94.0,high,high,high,high,high,high,high,high,high,2026-09-04
hitter,BOS,BAL,Trevor Story,596115,8.0,SS,Confirmed,4.11,,,,,0.84,0.31,0.837,,0.311,,0.803,,0.049,,0.8,0.36,0.29,1.45,0.05,1.24,1.237,,False,96.0,99.0,96.0,88.0,93.0,91.0,91.0,92.0,94.0,high,high,high,high,high,high,high,high,high,2026-09-04
hitter,BOS,BAL,Eli White,642201,9.0,CF,Confirmed,2.9,,,,,0.59,0.21,0.595,,0.207,,0.571,,0.018,,0.57,0.24,0.2,1.01,0.02,0.78,0.776,,False,96.0,99.0,96.0,88.0,93.0,91.0,91.0,92.0,94.0,high,high,high,high,high,high,high,high,high,2026-09-04
hitter,NYM,SF,Francisco Lindor,596019,1.0,SS,Confirmed,4.53,,,,,0.72,0.22,0.724,,0.217,,1.319,,0.26,,1.32,0.72,0.61,2.65,0.26,2.28,2.284,,False,96.0,99.0,96.0,88.0,93.0,91.0,91.0,92.0,94.0,high,high,high,high,high,high,high,high,high,2026-09-04
hitter,NYM,SF,Juan Soto,665742,2.0,LF,Confirmed,4.41,,,,,0.54,0.31,0.537,,0.311,,1.319,,0.272,,1.32,0.74,0.62,2.68,0.27,2.56,2.564,,False,96.0,99.0,96.0,88.0,93.0,91.0,91.0,92.0,94.0,high,high,high,high,high,high,high,high,high,2026-09-04
hitter,NYM,SF,Bo Bichette,666182,3.0,3B,Confirmed,4.4,,,,,0.5,0.16,0.498,,0.162,,1.319,,0.195,,1.32,0.67,0.64,2.63,0.19,2.3,2.303,,False,96.0,99.0,96.0,88.0,93.0,91.0,91.0,92.0,94.0,high,high,high,high,high,high,high,high,high,2026-09-04
hitter,NYM,SF,Mark Vientos,668901,4.0,DH,Confirmed,2.23,,,,,0.59,0.09,0.595,,0.087,,0.571,,0.173,,0.57,0.34,0.35,1.26,0.17,0.96,0.959,,False,96.0,99.0,96.0,88.0,93.0,91.0,91.0,92.0,94.0,high,high,high,high,high,high,high,high,high,2026-09-04
hitter,NYM,SF,Carson Benge,701807,5.0,RF,Confirmed,4.53,,,,,0.72,0.16,0.724,,0.162,,1.722,,0.181,,1.72,0.82,0.78,3.32,0.18,2.4,2.398,,False,96.0,99.0,96.0,88.0,93.0,91.0,91.0,92.0,94.0,high,high,high,high,high,high,high,high,high,2026-09-04
hitter,NYM,SF,Marcus Semien,543760,6.0,2B,Confirmed,4.11,,,,,0.6,0.17,0.596,,0.175,,1.087,,0.134,,1.09,0.48,0.51,2.07,0.13,1.69,1.692,,False,96.0,99.0,96.0,88.0,93.0,91.0,91.0,92.0,94.0,high,high,high,high,high,high,high,high,high,2026-09-04
hitter,NYM,SF,Christopher Morel,666624,7.0,1B,Confirmed,2.14,,,,,0.6,0.06,0.596,,0.059,,0.571,,0.096,,0.57,0.26,0.25,1.08,0.1,1.0,1.004,,False,96.0,99.0,96.0,88.0,93.0,91.0,91.0,92.0,94.0,high,high,high,high,high,high,high,high,high,2026-09-04
hitter,NYM,SF,Francisco Alvarez,682626,8.0,C,Confirmed,3.95,,,,,0.93,0.21,0.933,,0.207,,1.087,,0.234,,1.09,0.53,0.52,2.14,0.23,2.17,2.169,,False,96.0,99.0,96.0,88.0,93.0,91.0,91.0,92.0,94.0,high,high,high,high,high,high,high,high,high,2026-09-04
hitter,NYM,SF,Nick Morabito,703492,9.0,CF,Confirmed,2.9,,,,,0.59,0.11,0.595,,0.11,,0.81,,0.118,,0.81,0.36,0.35,1.52,0.12,1.63,1.634,,False,96.0,99.0,96.0,88.0,93.0,91.0,91.0,92.0,94.0,high,high,high,high,high,high,high,high,high,2026-09-04
hitter,SF,NYM,Drew Gilbert,687551,1.0,CF,Confirmed,3.84,,,,,0.67,0.31,0.667,,0.311,,0.436,,0.021,,0.44,0.24,0.16,0.84,0.02,0.65,0.651,,False,96.0,99.0,96.0,88.0,93.0,91.0,91.0,92.0,94.0,high,high,high,high,high,high,high,high,high,2026-09-04
hitter,SF,NYM,Rafael Devers,646240,2.0,1B,Confirmed,4.11,,,,,1.03,0.59,1.029,,0.589,,0.419,,0.063,,0.42,0.31,0.18,0.91,0.06,0.8,0.797,,False,96.0,99.0,96.0,88.0,93.0,91.0,91.0,92.0,94.0,high,high,high,high,high,high,high,high,high,2026-09-04
hitter,SF,NYM,Bryce Eldridge,805811,3.0,DH,Confirmed,4.11,,,,,1.07,0.59,1.066,,0.589,,0.35,,0.061,,0.35,0.29,0.18,0.81,0.06,0.68,0.679,,False,96.0,99.0,96.0,88.0,93.0,91.0,91.0,92.0,94.0,high,high,high,high,high,high,high,high,high,2026-09-04
hitter,SF,NYM,Turner Hill,806367,4.0,LF,Confirmed,3.84,,,,,0.6,0.37,0.596,,0.367,,0.448,,0.019,,0.45,0.26,0.18,0.89,0.02,0.59,0.591,,False,96.0,99.0,96.0,88.0,93.0,91.0,91.0,92.0,94.0,high,high,high,high,high,high,high,high,high,2026-09-04
hitter,SF,NYM,Jung Hoo Lee,808982,5.0,RF,Confirmed,4.11,,,,,0.27,0.27,0.27,,0.271,,0.571,,0.018,,0.57,0.29,0.22,1.09,0.02,0.78,0.779,,False,96.0,99.0,96.0,88.0,93.0,91.0,91.0,92.0,94.0,high,high,high,high,high,high,high,high,high,2026-09-04
hitter,SF,NYM,Drew Cavanaugh,701852,6.0,C,Confirmed,2.93,,,,,0.72,0.31,0.724,,0.311,,0.296,,0.011,,0.3,0.16,0.12,0.57,0.01,0.41,0.413,,False,96.0,99.0,96.0,88.0,93.0,91.0,91.0,92.0,94.0,high,high,high,high,high,high,high,high,high,2026-09-04
hitter,SF,NYM,Osleivis Basabe,678545,7.0,3B,Confirmed,3.59,,,,,0.59,0.22,0.595,,0.217,,0.419,,0.028,,0.42,0.2,0.15,0.77,0.03,0.57,0.572,,False,96.0,99.0,96.0,88.0,93.0,91.0,91.0,92.0,94.0,high,high,high,high,high,high,high,high,high,2026-09-04
hitter,SF,NYM,Nate Furman,801501,8.0,2B,Confirmed,2.14,,,,,0.5,0.21,0.498,,0.207,,0.239,,0.009,,0.24,0.12,0.08,0.44,0.01,0.33,0.332,,False,96.0,99.0,96.0,88.0,93.0,91.0,91.0,92.0,94.0,high,high,high,high,high,high,high,high,high,2026-09-04
hitter,SF,NYM,Christian Koss,683766,9.0,SS,Confirmed,3.6,,,,,0.72,0.24,0.724,,0.24,,0.313,,0.018,,0.31,0.16,0.11,0.59,0.02,0.5,0.5,,False,96.0,99.0,96.0,88.0,93.0,91.0,91.0,92.0,94.0,high,high,high,high,high,high,high,high,high,2026-09-04
hitter,MIA,CHC,Heriberto Hernández,681715,1.0,LF,Confirmed,4.24,,,,,1.03,0.27,1.029,,0.271,,1.139,,0.563,,1.14,0.83,0.77,2.74,0.56,2.85,2.847,,False,96.0,99.0,96.0,88.0,93.0,91.0,91.0,92.0,94.0,high,high,high,high,high,high,high,high,high,2026-09-04
hitter,MIA,CHC,Otto Lopez,672640,2.0,SS,Confirmed,4.4,,,,,0.42,0.15,0.417,,0.15,,1.205,,0.25,,1.21,0.65,0.57,2.43,0.25,2.15,2.147,,False,96.0,99.0,96.0,88.0,93.0,91.0,91.0,92.0,94.0,high,high,high,high,high,high,high,high,high,2026-09-04
hitter,MIA,CHC,Griffin Conine,665052,3.0,1B,Confirmed,3.4,,,,,0.93,0.24,0.933,,0.24,,0.815,,0.444,,0.82,0.63,0.66,2.1,0.44,2.19,2.194,,False,96.0,99.0,96.0,88.0,93.0,91.0,91.0,92.0,94.0,high,high,high,high,high,high,high,high,high,2026-09-04
hitter,MIA,CHC,Javier Sanoja,691594,4.0,2B,Confirmed,3.95,,,,,0.36,0.15,0.36,,0.148,,1.139,,0.161,,1.14,0.58,0.55,2.26,0.16,1.82,1.822,,False,96.0,99.0,96.0,88.0,93.0,91.0,91.0,92.0,94.0,high,high,high,high,high,high,high,high,high,2026-09-04
hitter,MIA,CHC,Agustín Ramírez,682663,5.0,DH,Confirmed,3.67,,,,,0.72,0.17,0.724,,0.175,,0.909,,0.236,,0.91,0.53,0.52,1.97,0.24,1.59,1.589,,False,96.0,99.0,96.0,88.0,93.0,91.0,91.0,92.0,94.0,high,high,high,high,high,high,high,high,high,2026-09-04
hitter,MIA,CHC,Esteury Ruiz,665923,6.0,RF,Confirmed,2.23,,,,,0.72,0.1,0.724,,0.098,,0.571,,0.166,,0.57,0.3,0.34,1.22,0.17,0.96,0.96,,False,96.0,99.0,96.0,88.0,93.0,91.0,91.0,92.0,94.0,high,high,high,high,high,high,high,high,high,2026-09-04
hitter,MIA,CHC,Deyvison De Los Santos,691277,7.0,1B,Confirmed,2.14,,,,,0.72,0.05,0.724,,0.048,,0.791,,0.142,,0.79,0.36,0.36,1.51,0.14,1.77,1.767,,False,96.0,99.0,96.0,88.0,93.0,91.0,91.0,92.0,94.0,high,high,high,high,high,high,high,high,high,2026-09-04
hitter,MIA,CHC,Jared Serna,691858,8.0,2B,Confirmed,2.14,,,,,0.5,0.06,0.498,,0.059,,0.296,,0.096,,0.3,0.16,0.16,0.62,0.1,0.46,0.465,,False,96.0,99.0,96.0,88.0,93.0,91.0,91.0,92.0,94.0,high,high,high,high,high,high,high,high,high,2026-09-04
hitter,MIA,CHC,Brian Navarreto,640459,9.0,C,Confirmed,2.9,,,,,0.72,0.11,0.724,,0.11,,0.791,,0.158,,0.79,0.38,0.37,1.53,0.16,1.27,1.27,,False,96.0,99.0,96.0,88.0,93.0,91.0,91.0,92.0,94.0,high,high,high,high,high,high,high,high,high,2026-09-04
hitter,CHC,MIA,Pete Crow-Armstrong,691718,1.0,CF,Confirmed,4.69,,,,,0.93,0.63,0.93,,0.626,,0.81,,0.079,,0.81,0.49,0.32,1.62,0.08,1.32,1.324,,False,96.0,99.0,96.0,88.0,93.0,91.0,91.0,92.0,94.0,high,high,high,high,high,high,high,high,high,2026-09-04
hitter,CHC,MIA,Seiya Suzuki,673548,2.0,RF,Confirmed,4.41,,,,,0.81,0.62,0.815,,0.618,,0.815,,0.062,,0.82,0.48,0.31,1.6,0.06,1.35,1.352,,False,96.0,99.0,96.0,88.0,93.0,91.0,91.0,92.0,94.0,high,high,high,high,high,high,high,high,high,2026-09-04
hitter,CHC,MIA,Michael Busch,683737,3.0,1B,Confirmed,4.4,,,,,0.81,0.58,0.815,,0.575,,0.909,,0.061,,0.91,0.51,0.38,1.8,0.06,1.35,1.348,,False,96.0,99.0,96.0,88.0,93.0,91.0,91.0,92.0,94.0,high,high,high,high,high,high,high,high,high,2026-09-04
hitter,CHC,MIA,Alex Bregman,608324,4.0,3B,Confirmed,4.4,,,,,0.5,0.44,0.498,,0.441,,0.803,,0.052,,0.8,0.43,0.34,1.57,0.05,1.29,1.293,,False,96.0,99.0,96.0,88.0,93.0,91.0,91.0,92.0,94.0,high,high,high,high,high,high,high,high,high,2026-09-04
hitter,CHC,MIA,Ian Happ,664023,5.0,LF,Confirmed,3.84,,,,,0.81,0.44,0.815,,0.441,,0.74,,0.051,,0.74,0.41,0.31,1.46,0.05,1.08,1.079,,False,96.0,99.0,96.0,88.0,93.0,91.0,91.0,92.0,94.0,high,high,high,high,high,high,high,high,high,2026-09-04
hitter,CHC,MIA,Nico Hoerner,663538,6.0,SS,Confirmed,4.22,,,,,0.23,0.31,0.227,,0.311,,1.087,,0.03,,1.09,0.45,0.42,1.96,0.03,1.41,1.413,,False,96.0,99.0,96.0,88.0,93.0,91.0,91.0,92.0,94.0,high,high,high,high,high,high,high,high,high,2026-09-04
hitter,CHC,MIA,Pedro Ramírez,699393,7.0,2B,Confirmed,4.22,,,,,0.5,0.37,0.498,,0.367,,0.831,,0.036,,0.83,0.37,0.29,1.5,0.04,1.33,1.33,,False,96.0,99.0,96.0,88.0,93.0,91.0,91.0,92.0,94.0,high,high,high,high,high,high,high,high,high,2026-09-04
hitter,CHC,MIA,Michael Conforto,624424,8.0,DH,Confirmed,2.9,,,,,0.67,0.27,0.667,,0.271,,0.443,,0.031,,0.44,0.22,0.17,0.82,0.03,0.62,0.623,,False,96.0,99.0,96.0,88.0,93.0,91.0,91.0,92.0,94.0,high,high,high,high,high,high,high,high,high,2026-09-04
hitter,CHC,MIA,Carson Kelly,608348,9.0,C,Confirmed,4.41,,,,,0.5,0.44,0.498,,0.441,,0.909,,0.038,,0.91,0.41,0.32,1.64,0.04,1.31,1.31,,False,96.0,99.0,96.0,88.0,93.0,91.0,91.0,92.0,94.0,high,high,high,high,high,high,high,high,high,2026-09-04
hitter,CWS,MIN,Sam Antonacci,803011,1.0,LF,Confirmed,3.95,,,,,0.54,0.09,0.537,,0.087,,0.74,,0.024,,0.74,0.33,0.26,1.32,0.02,0.91,0.91,,False,96.0,99.0,96.0,88.0,93.0,91.0,91.0,92.0,94.0,high,high,high,high,high,high,high,high,high,2026-09-04
hitter,CWS,MIN,Miguel Vargas,678246,2.0,3B,Confirmed,3.91,,,,,0.72,0.11,0.724,,0.11,,0.571,,0.048,,0.57,0.28,0.22,1.07,0.05,0.85,0.851,,False,96.0,99.0,96.0,88.0,93.0,91.0,91.0,92.0,94.0,high,high,high,high,high,high,high,high,high,2026-09-04
hitter,CWS,MIN,Munetaka Murakami,808959,3.0,1B,Confirmed,3.84,,,,,1.07,0.17,1.066,,0.175,,0.571,,0.07,,0.57,0.3,0.27,1.14,0.07,1.21,1.206,,False,96.0,99.0,96.0,88.0,93.0,91.0,91.0,92.0,94.0,high,high,high,high,high,high,high,high,high,2026-09-04
hitter,CWS,MIN,Andrew Benintendi,643217,4.0,DH,Confirmed,3.2,,,,,0.72,0.09,0.724,,0.087,,0.571,,0.032,,0.57,0.26,0.24,1.07,0.03,0.81,0.813,,False,96.0,99.0,96.0,88.0,93.0,91.0,91.0,92.0,94.0,high,high,high,high,high,high,high,high,high,2026-09-04
hitter,CWS,MIN,Colson Montgomery,695657,5.0,SS,Confirmed,3.84,,,,,1.03,0.11,1.029,,0.11,,0.571,,0.062,,0.57,0.28,0.26,1.11,0.06,0.89,0.894,,False,96.0,99.0,96.0,88.0,93.0,91.0,91.0,92.0,94.0,high,high,high,high,high,high,high,high,high,2026-09-04
hitter,CWS,MIN,Braden Montgomery,695731,6.0,RF,Confirmed,3.83,,,,,0.67,0.09,0.667,,0.087,,0.571,,0.026,,0.57,0.23,0.23,1.03,0.03,0.74,0.739,,False,96.0,99.0,96.0,88.0,93.0,91.0,91.0,92.0,94.0,high,high,high,high,high,high,high,high,high,2026-09-04
hitter,CWS,MIN,Tristan Peters,671976,7.0,LF,Confirmed,3.2,,,,,0.59,0.06,0.595,,0.059,,0.571,,0.023,,0.57,0.22,0.2,0.99,0.02,0.67,0.67,,False,96.0,99.0,96.0,88.0,93.0,91.0,91.0,92.0,94.0,high,high,high,high,high,high,high,high,high,2026-09-04
hitter,CWS,MIN,Chase Meidroth,805367,8.0,2B,Confirmed,3.67,,,,,0.72,0.06,0.724,,0.059,,0.74,,0.026,,0.74,0.28,0.26,1.28,0.03,0.87,0.869,,False,96.0,99.0,96.0,88.0,93.0,91.0,91.0,92.0,94.0,high,high,high,high,high,high,high,high,high,2026-09-04
hitter,CWS,MIN,Kyle Teel,691019,9.0,C,Confirmed,3.33,,,,,0.84,0.06,0.844,,0.059,,0.571,,0.035,,0.57,0.23,0.21,1.01,0.04,0.62,0.62,,False,96.0,99.0,96.0,88.0,93.0,91.0,91.0,92.0,94.0,high,high,high,high,high,high,high,high,high,2026-09-04
hitter,MIN,CWS,Luke Keaschall,807712,1.0,RF,Confirmed,4.23,,,,,0.59,0.44,0.595,,0.441,,0.74,,0.038,,0.74,0.4,0.27,1.41,0.04,1.11,1.107,,False,96.0,99.0,96.0,88.0,93.0,91.0,91.0,92.0,94.0,high,high,high,high,high,high,high,high,high,2026-09-04
hitter,MIN,CWS,Brooks Lee,686797,2.0,3B,Confirmed,4.11,,,,,0.72,0.31,0.724,,0.311,,0.803,,0.047,,0.8,0.41,0.29,1.5,0.05,1.1,1.101,,False,96.0,99.0,96.0,88.0,93.0,91.0,91.0,92.0,94.0,high,high,high,high,high,high,high,high,high,2026-09-04
hitter,MIN,CWS,Kody Clemens,665019,3.0,2B,Confirmed,4.11,,,,,1.03,0.37,1.029,,0.367,,0.74,,0.06,,0.74,0.4,0.32,1.46,0.06,1.19,1.186,,False,96.0,99.0,96.0,88.0,93.0,91.0,91.0,92.0,94.0,high,high,high,high,high,high,high,high,high,2026-09-04
hitter,MIN,CWS,Ryan Jeffers,680777,4.0,C,Confirmed,3.95,,,,,0.81,0.44,0.815,,0.441,,0.74,,0.048,,0.74,0.41,0.31,1.46,0.05,0.98,0.979,,False,96.0,99.0,96.0,88.0,93.0,91.0,91.0,92.0,94.0,high,high,high,high,high,high,high,high,high,2026-09-04
hitter,MIN,CWS,Josh Bell,605137,5.0,DH,Confirmed,4.4,,,,,0.81,0.37,0.815,,0.367,,0.793,,0.051,,0.79,0.42,0.33,1.54,0.05,1.24,1.241,,False,96.0,99.0,96.0,88.0,93.0,91.0,91.0,92.0,94.0,high,high,high,high,high,high,high,high,high,2026-09-04
hitter,MIN,CWS,Trevor Larnach,663616,6.0,LF,Confirmed,3.33,,,,,0.67,0.27,0.667,,0.271,,0.571,,0.032,,0.57,0.26,0.24,1.07,0.03,0.75,0.747,,False,96.0,99.0,96.0,88.0,93.0,91.0,91.0,92.0,94.0,high,high,high,high,high,high,high,high,high,2026-09-04
hitter,MIN,CWS,Royce Lewis,668904,7.0,1B,Confirmed,3.95,,,,,0.84,0.31,0.844,,0.311,,0.74,,0.052,,0.74,0.34,0.28,1.35,0.05,1.01,1.006,,False,96.0,99.0,96.0,88.0,93.0,91.0,91.0,92.0,94.0,high,high,high,high,high,high,high,high,high,2026-09-04
hitter,MIN,CWS,Kaelen Culpepper,701785,8.0,SS,Confirmed,3.91,,,,,0.84,0.37,0.837,,0.367,,0.803,,0.042,,0.8,0.36,0.29,1.46,0.04,1.12,1.122,,False,96.0,99.0,96.0,88.0,93.0,91.0,91.0,92.0,94.0,high,high,high,high,high,high,high,high,high,2026-09-04
hitter,MIN,CWS,Walker Jenkins,805805,9.0,CF,Confirmed,3.95,,,,,0.72,0.44,0.724,,0.441,,0.74,,0.038,,0.74,0.35,0.27,1.36,0.04,0.96,0.963,,False,96.0,99.0,96.0,88.0,93.0,91.0,91.0,92.0,94.0,high,high,high,high,high,high,high,high,high,2026-09-04
hitter,TEX,TB,Joc Pederson,592626,1.0,DH,Confirmed,2.9,,,,,0.72,0.09,0.724,,0.087,,0.74,,0.144,,0.74,0.39,0.34,1.48,0.14,1.23,1.235,,False,96.0,99.0,96.0,88.0,93.0,91.0,91.0,92.0,94.0,high,high,high,high,high,high,high,high,high,2026-09-04
hitter,TEX,TB,Corey Seager,608369,2.0,SS,Confirmed,4.4,,,,,1.03,0.15,1.029,,0.15,,1.139,,0.236,,1.14,0.62,0.54,2.29,0.24,2.23,2.233,,False,96.0,99.0,96.0,88.0,93.0,91.0,91.0,92.0,94.0,high,high,high,high,high,high,high,high,high,2026-09-04
hitter,TEX,TB,Wyatt Langford,694671,3.0,LF,Confirmed,4.4,,,,,0.84,0.11,0.837,,0.11,,1.139,,0.236,,1.14,0.61,0.61,2.36,0.24,2.1,2.095,,False,96.0,99.0,96.0,88.0,93.0,91.0,91.0,92.0,94.0,high,high,high,high,high,high,high,high,high,2026-09-04
hitter,TEX,TB,Brandon Nimmo,607043,4.0,RF,Confirmed,4.4,,,,,0.84,0.11,0.837,,0.11,,1.139,,0.23,,1.14,0.61,0.6,2.35,0.23,2.06,2.058,,False,96.0,99.0,96.0,88.0,93.0,91.0,91.0,92.0,94.0,high,high,high,high,high,high,high,high,high,2026-09-04
hitter,TEX,TB,Ezequiel Duran,677649,5.0,2B,Confirmed,4.23,,,,,1.03,0.11,1.029,,0.11,,1.087,,0.188,,1.09,0.56,0.55,2.2,0.19,1.67,1.669,,False,96.0,99.0,96.0,88.0,93.0,91.0,91.0,92.0,94.0,high,high,high,high,high,high,high,high,high,2026-09-04
hitter,TEX,TB,Jake Burger,669394,6.0,1B,Confirmed,4.0,,,,,1.03,0.11,1.029,,0.11,,0.909,,0.231,,0.91,0.45,0.52,1.88,0.23,1.66,1.661,,False,96.0,99.0,96.0,88.0,93.0,91.0,91.0,92.0,94.0,high,high,high,high,high,high,high,high,high,2026-09-04
hitter,TEX,TB,Evan Carter,694497,7.0,CF,Confirmed,2.93,,,,,0.72,0.06,0.724,,0.059,,0.74,,0.077,,0.74,0.31,0.29,1.34,0.08,0.97,0.966,,False,96.0,99.0,96.0,88.0,93.0,91.0,91.0,92.0,94.0,high,high,high,high,high,high,high,high,high,2026-09-04
hitter,TEX,TB,Cody Freeman,683227,8.0,3B,Confirmed,3.84,,,,,0.59,0.09,0.595,,0.087,,0.909,,0.072,,0.91,0.37,0.34,1.62,0.07,1.3,1.301,,False,96.0,99.0,96.0,88.0,93.0,91.0,91.0,92.0,94.0,high,high,high,high,high,high,high,high,high,2026-09-04
hitter,TEX,TB,Elias Díaz,553869,9.0,C,Confirmed,3.6,,,,,0.72,0.06,0.724,,0.059,,0.883,,0.137,,0.88,0.39,0.38,1.65,0.14,1.67,1.668,,False,96.0,99.0,96.0,88.0,93.0,91.0,91.0,92.0,94.0,high,high,high,high,high,high,high,high,high,2026-09-04
hitter,TB,TEX,Yandy Díaz,650490,1.0,DH,Confirmed,3.95,,,,,0.72,0.31,0.724,,0.311,,0.419,,0.033,,0.42,0.24,0.16,0.82,0.03,0.6,0.601,,False,82.0,86.0,82.0,74.0,79.0,77.0,77.0,78.0,80.0,high,high,high,medium,medium,medium,medium,medium,high,2026-09-04
hitter,TB,TEX,Jonathan Aranda,666018,2.0,1B,Confirmed,3.95,,,,,0.93,0.27,0.93,,0.271,,0.419,,0.036,,0.42,0.24,0.16,0.82,0.04,0.57,0.575,,False,82.0,86.0,82.0,74.0,79.0,77.0,77.0,78.0,80.0,high,high,high,medium,medium,medium,medium,medium,high,2026-09-04
hitter,TB,TEX,Junior Caminero,691406,3.0,3B,Confirmed,3.95,,,,,0.84,0.31,0.844,,0.311,,0.419,,0.05,,0.42,0.25,0.19,0.87,0.05,0.68,0.676,,False,82.0,86.0,82.0,74.0,79.0,77.0,77.0,78.0,80.0,high,high,high,medium,medium,medium,medium,medium,high,2026-09-04
hitter,TB,TEX,Liam Hicks,689414,4.0,C,Confirmed,3.4,,,,,0.42,0.31,0.417,,0.311,,0.662,,0.04,,0.66,0.35,0.28,1.28,0.04,1.05,1.05,,False,82.0,86.0,82.0,74.0,79.0,77.0,77.0,78.0,80.0,high,high,high,medium,medium,medium,medium,medium,high,2026-09-04
hitter,TB,TEX,Victor Mesa Jr.,683748,5.0,RF,Confirmed,3.2,,,,,0.72,0.24,0.724,,0.24,,0.313,,0.036,,0.31,0.19,0.14,0.65,0.04,0.53,0.526,,False,82.0,86.0,82.0,74.0,79.0,77.0,77.0,78.0,80.0,high,high,high,medium,medium,medium,medium,medium,high,2026-09-04
hitter,TB,TEX,Chandler Simpson,802415,6.0,LF,Confirmed,3.84,,,,,0.23,0.16,0.227,,0.162,,0.571,,0.008,,0.57,0.23,0.22,1.02,0.01,0.64,0.636,,False,82.0,86.0,82.0,74.0,79.0,77.0,77.0,78.0,80.0,high,high,high,medium,medium,medium,medium,medium,high,2026-09-04
hitter,TB,TEX,Cedric Mullins,656775,7.0,CF,Confirmed,3.2,,,,,0.72,0.27,0.724,,0.271,,0.296,,0.028,,0.3,0.16,0.12,0.57,0.03,0.49,0.49,,False,82.0,86.0,82.0,74.0,79.0,77.0,77.0,78.0,80.0,high,high,high,medium,medium,medium,medium,medium,high,2026-09-04
hitter,TB,TEX,Richie Palacios,680700,8.0,2B,Confirmed,3.2,,,,,0.6,0.24,0.596,,0.24,,0.296,,0.019,,0.3,0.15,0.11,0.56,0.02,0.46,0.46,,False,82.0,86.0,82.0,74.0,79.0,77.0,77.0,78.0,80.0,high,high,high,medium,medium,medium,medium,medium,high,2026-09-04
hitter,TB,TEX,Taylor Walls,670764,9.0,SS,Confirmed,3.84,,,,,0.72,0.31,0.724,,0.311,,0.662,,0.031,,0.66,0.3,0.24,1.2,0.03,0.91,0.915,,False,82.0,86.0,82.0,74.0,79.0,77.0,77.0,78.0,80.0,high,high,high,medium,medium,medium,medium,medium,high,2026-09-04
hitter,HOU,AZ,Jeremy Peña,665161,1.0,SS,Confirmed,4.59,,,,,0.93,0.31,0.93,,0.311,,0.803,,0.048,,0.8,0.41,0.29,1.5,0.05,1.17,1.171,,False,96.0,99.0,96.0,88.0,93.0,91.0,91.0,92.0,94.0,high,high,high,high,high,high,high,high,high,2026-09-04
hitter,HOU,AZ,Yordan Alvarez,670541,2.0,DH,Confirmed,4.59,,,,,0.72,0.75,0.724,,0.747,,0.964,,0.055,,0.96,0.56,0.35,1.87,0.05,1.55,1.552,,False,96.0,99.0,96.0,88.0,93.0,91.0,91.0,92.0,94.0,high,high,high,high,high,high,high,high,high,2026-09-04
hitter,HOU,AZ,Isaac Paredes,670623,3.0,3B,Confirmed,4.22,,,,,0.59,0.44,0.595,,0.441,,0.803,,0.039,,0.8,0.43,0.33,1.56,0.04,1.23,1.233,,False,96.0,99.0,96.0,88.0,93.0,91.0,91.0,92.0,94.0,high,high,high,high,high,high,high,high,high,2026-09-04
hitter,HOU,AZ,Jose Altuve,514888,4.0,2B,Confirmed,4.4,,,,,0.81,0.44,0.815,,0.441,,0.815,,0.033,,0.82,0.43,0.33,1.57,0.03,1.15,1.146,,False,96.0,99.0,96.0,88.0,93.0,91.0,91.0,92.0,94.0,high,high,high,high,high,high,high,high,high,2026-09-04
hitter,HOU,AZ,Daulton Varsho,662139,5.0,CF,Confirmed,4.41,,,,,0.72,0.37,0.724,,0.367,,0.803,,0.043,,0.8,0.41,0.33,1.55,0.04,1.17,1.17,,False,96.0,99.0,96.0,88.0,93.0,91.0,91.0,92.0,94.0,high,high,high,high,high,high,high,high,high,2026-09-04
hitter,HOU,AZ,Christian Walker,572233,6.0,1B,Confirmed,4.22,,,,,0.93,0.37,0.93,,0.367,,0.791,,0.045,,0.79,0.36,0.33,1.48,0.05,1.08,1.084,,False,96.0,99.0,96.0,88.0,93.0,91.0,91.0,92.0,94.0,high,high,high,high,high,high,high,high,high,2026-09-04
hitter,HOU,AZ,Taylor Trammell,666211,7.0,LF,Confirmed,3.67,,,,,0.84,0.31,0.844,,0.311,,0.662,,0.029,,0.66,0.3,0.23,1.19,0.03,0.86,0.86,,False,96.0,99.0,96.0,88.0,93.0,91.0,91.0,92.0,94.0,high,high,high,high,high,high,high,high,high,2026-09-04
hitter,HOU,AZ,Yainer Diaz,673237,8.0,C,Confirmed,4.11,,,,,0.67,0.24,0.667,,0.24,,0.815,,0.035,,0.82,0.34,0.29,1.45,0.04,1.18,1.176,,False,96.0,99.0,96.0,88.0,93.0,91.0,91.0,92.0,94.0,high,high,high,high,high,high,high,high,high,2026-09-04
hitter,HOU,AZ,LaMonte Wade Jr.,664774,9.0,LF,Confirmed,2.63,,,,,0.72,0.31,0.724,,0.311,,0.419,,0.013,,0.42,0.2,0.14,0.77,0.01,0.67,0.668,,False,96.0,99.0,96.0,88.0,93.0,91.0,91.0,92.0,94.0,high,high,high,high,high,high,high,high,high,2026-09-04
hitter,AZ,HOU,Geraldo Perdomo,672695,1.0,SS,Confirmed,4.4,,,,,0.81,0.63,0.815,,0.626,,0.964,,0.11,,0.96,0.57,0.39,1.92,0.11,1.5,1.497,,False,96.0,99.0,96.0,88.0,93.0,91.0,91.0,92.0,94.0,high,high,high,high,high,high,high,high,high,2026-09-04
hitter,AZ,HOU,Corbin Carroll,682998,2.0,RF,Confirmed,4.41,,,,,1.48,0.59,1.481,,0.589,,0.947,,0.225,,0.95,0.62,0.47,2.03,0.23,1.91,1.911,,False,96.0,99.0,96.0,88.0,93.0,91.0,91.0,92.0,94.0,high,high,high,high,high,high,high,high,high,2026-09-04
hitter,AZ,HOU,Gabriel Moreno,672515,3.0,C,Confirmed,4.4,,,,,1.07,0.58,1.066,,0.575,,0.909,,0.145,,0.91,0.56,0.45,1.92,0.15,1.59,1.594,,False,96.0,99.0,96.0,88.0,93.0,91.0,91.0,92.0,94.0,high,high,high,high,high,high,high,high,high,2026-09-04
hitter,AZ,HOU,Ketel Marte,606466,4.0,2B,Confirmed,4.11,,,,,1.09,0.59,1.088,,0.589,,0.964,,0.217,,0.96,0.62,0.53,2.12,0.22,1.98,1.978,,False,96.0,99.0,96.0,88.0,93.0,91.0,91.0,92.0,94.0,high,high,high,high,high,high,high,high,high,2026-09-04
hitter,AZ,HOU,Lars Nootbaar,663457,5.0,DH,Confirmed,3.83,,,,,1.27,0.44,1.267,,0.441,,0.791,,0.143,,0.79,0.48,0.41,1.68,0.14,1.37,1.367,,False,96.0,99.0,96.0,88.0,93.0,91.0,91.0,92.0,94.0,high,high,high,high,high,high,high,high,high,2026-09-04
hitter,AZ,HOU,Nolan Arenado,571448,6.0,3B,Confirmed,4.24,,,,,1.27,0.37,1.27,,0.367,,0.81,,0.172,,0.81,0.43,0.44,1.68,0.17,1.59,1.59,,False,96.0,99.0,96.0,88.0,93.0,91.0,91.0,92.0,94.0,high,high,high,high,high,high,high,high,high,2026-09-04
hitter,AZ,HOU,Max Kepler,596146,7.0,LF,Confirmed,3.84,,,,,1.09,0.37,1.088,,0.367,,0.74,,0.123,,0.74,0.38,0.33,1.45,0.12,1.31,1.31,,False,96.0,99.0,96.0,88.0,93.0,91.0,91.0,92.0,94.0,high,high,high,high,high,high,high,high,high,2026-09-04
hitter,AZ,HOU,Tim Tawa,694374,8.0,1B,Confirmed,4.0,,,,,1.36,0.37,1.361,,0.367,,0.791,,0.148,,0.79,0.41,0.36,1.57,0.15,1.47,1.467,,False,96.0,99.0,96.0,88.0,93.0,91.0,91.0,92.0,94.0,high,high,high,high,high,high,high,high,high,2026-09-04
hitter,AZ,HOU,Ryan Waldschmidt,814439,9.0,LF,Confirmed,3.2,,,,,1.21,0.27,1.208,,0.271,,0.443,,0.083,,0.44,0.24,0.2,0.89,0.08,0.81,0.806,,False,96.0,99.0,96.0,88.0,93.0,91.0,91.0,92.0,94.0,high,high,high,high,high,high,high,high,high,2026-09-04
hitter,KC,TOR,Carter Jensen,695600,1.0,C,Confirmed,4.53,,,,,1.09,0.88,1.088,,0.875,,0.429,,0.075,,0.43,0.38,0.19,1.0,0.07,0.92,0.92,,False,96.0,99.0,96.0,88.0,93.0,91.0,91.0,92.0,94.0,high,high,high,high,high,high,high,high,high,2026-09-04
hitter,KC,TOR,Bobby Witt Jr.,677951,2.0,SS,Confirmed,4.22,,,,,0.72,0.75,0.724,,0.747,,0.443,,0.051,,0.44,0.35,0.18,0.97,0.05,0.78,0.781,,False,96.0,99.0,96.0,88.0,93.0,91.0,91.0,92.0,94.0,high,high,high,high,high,high,high,high,high,2026-09-04
hitter,KC,TOR,Jac Caglianone,695506,3.0,RF,Confirmed,4.11,,,,,0.93,0.44,0.93,,0.441,,0.443,,0.062,,0.44,0.3,0.21,0.95,0.06,0.83,0.826,,False,96.0,99.0,96.0,88.0,93.0,91.0,91.0,92.0,94.0,high,high,high,high,high,high,high,high,high,2026-09-04
hitter,KC,TOR,Salvador Perez,521692,4.0,DH,Confirmed,4.22,,,,,0.72,0.37,0.724,,0.367,,0.443,,0.056,,0.44,0.28,0.21,0.93,0.06,0.79,0.791,,False,96.0,99.0,96.0,88.0,93.0,91.0,91.0,92.0,94.0,high,high,high,high,high,high,high,high,high,2026-09-04
hitter,KC,TOR,Vinnie Pasquantino,686469,5.0,1B,Confirmed,4.41,,,,,0.67,0.88,0.667,,0.875,,0.571,,0.046,,0.57,0.42,0.25,1.24,0.05,0.96,0.957,,False,96.0,99.0,96.0,88.0,93.0,91.0,91.0,92.0,94.0,high,high,high,high,high,high,high,high,high,2026-09-04
hitter,KC,TOR,Nick Loftin,679845,6.0,3B,Confirmed,3.33,,,,,0.67,0.52,0.667,,0.518,,0.296,,0.025,,0.3,0.2,0.13,0.63,0.02,0.51,0.515,,False,96.0,99.0,96.0,88.0,93.0,91.0,91.0,92.0,94.0,high,high,high,high,high,high,high,high,high,2026-09-04
hitter,KC,TOR,Michael Massey,686681,7.0,2B,Confirmed,3.91,,,,,0.72,0.37,0.724,,0.367,,0.571,,0.051,,0.57,0.29,0.22,1.08,0.05,1.02,1.024,,False,96.0,99.0,96.0,88.0,93.0,91.0,91.0,92.0,94.0,high,high,high,high,high,high,high,high,high,2026-09-04
hitter,KC,TOR,Isaac Collins,686555,8.0,LF,Confirmed,3.67,,,,,0.72,0.62,0.724,,0.618,,0.443,,0.039,,0.44,0.28,0.17,0.89,0.04,0.72,0.722,,False,96.0,99.0,96.0,88.0,93.0,91.0,91.0,92.0,94.0,high,high,high,high,high,high,high,high,high,2026-09-04
hitter,KC,TOR,Kyle Isbel,664728,9.0,CF,Confirmed,3.95,,,,,0.72,0.37,0.724,,0.367,,0.651,,0.046,,0.65,0.31,0.24,1.21,0.05,0.95,0.953,,False,96.0,99.0,96.0,88.0,93.0,91.0,91.0,92.0,94.0,high,high,high,high,high,high,high,high,high,2026-09-04
hitter,TOR,KC,Brett Bateman,703520,1.0,CF,Confirmed,4.59,,,,,0.81,0.44,0.815,,0.441,,0.964,,0.094,,0.96,0.52,0.38,1.87,0.09,1.33,1.329,,False,96.0,99.0,96.0,88.0,93.0,91.0,91.0,92.0,94.0,high,high,high,high,high,high,high,high,high,2026-09-04
hitter,TOR,KC,George Springer,543807,2.0,DH,Confirmed,4.22,,,,,0.81,0.37,0.815,,0.367,,0.883,,0.172,,0.88,0.52,0.41,1.81,0.17,1.51,1.511,,False,96.0,99.0,96.0,88.0,93.0,91.0,91.0,92.0,94.0,high,high,high,high,high,high,high,high,high,2026-09-04
hitter,TOR,KC,Vladimir Guerrero Jr.,665489,3.0,1B,Confirmed,4.4,,,,,0.5,0.44,0.498,,0.441,,0.981,,0.252,,0.98,0.62,0.56,2.17,0.25,1.99,1.993,,False,96.0,99.0,96.0,88.0,93.0,91.0,91.0,92.0,94.0,high,high,high,high,high,high,high,high,high,2026-09-04
hitter,TOR,KC,Alejandro Kirk,672386,4.0,C,Confirmed,4.59,,,,,0.67,0.58,0.667,,0.575,,0.909,,0.22,,0.91,0.6,0.51,2.02,0.22,1.64,1.645,,False,96.0,99.0,96.0,88.0,93.0,91.0,91.0,92.0,94.0,high,high,high,high,high,high,high,high,high,2026-09-04
hitter,TOR,KC,Kazuma Okamoto,672960,5.0,3B,Confirmed,4.41,,,,,1.09,0.58,1.088,,0.575,,0.815,,0.334,,0.82,0.63,0.57,2.01,0.33,1.97,1.968,,False,96.0,99.0,96.0,88.0,93.0,91.0,91.0,92.0,94.0,high,high,high,high,high,high,high,high,high,2026-09-04
hitter,TOR,KC,Charles McAdoo,807727,6.0,2B,Confirmed,3.33,,,,,0.72,0.31,0.724,,0.311,,0.74,,0.124,,0.74,0.37,0.37,1.48,0.12,1.23,1.226,,False,96.0,99.0,96.0,88.0,93.0,91.0,91.0,92.0,94.0,high,high,high,high,high,high,high,high,high,2026-09-04
hitter,TOR,KC,Ernie Clement,676391,7.0,SS,Confirmed,3.95,,,,,0.36,0.22,0.36,,0.217,,0.81,,0.089,,0.81,0.36,0.33,1.5,0.09,1.33,1.332,,False,96.0,99.0,96.0,88.0,93.0,91.0,91.0,92.0,94.0,high,high,high,high,high,high,high,high,high,2026-09-04
hitter,TOR,KC,Nathan Lukes,664770,8.0,RF,Confirmed,4.0,,,,,0.6,0.31,0.596,,0.311,,0.964,,0.117,,0.96,0.45,0.4,1.81,0.12,1.54,1.543,,False,96.0,99.0,96.0,88.0,93.0,91.0,91.0,92.0,94.0,high,high,high,high,high,high,high,high,high,2026-09-04
hitter,TOR,KC,Myles Straw,664702,9.0,LF,Confirmed,2.93,,,,,0.41,0.27,0.414,,0.271,,0.571,,0.087,,0.57,0.29,0.25,1.11,0.09,0.83,0.834,,False,96.0,99.0,96.0,88.0,93.0,91.0,91.0,92.0,94.0,high,high,high,high,high,high,high,high,high,2026-09-04
hitter,COL,STL,Jake McCarthy,664983,1.0,LF,Confirmed,4.74,,,,,0.6,0.16,0.596,,0.162,,1.722,,0.043,,1.72,0.74,0.59,3.05,0.04,2.29,2.291,,False,96.0,99.0,96.0,88.0,93.0,91.0,91.0,92.0,94.0,high,high,high,high,high,high,high,high,high,2026-09-04
hitter,COL,STL,Mickey Moniak,666160,2.0,RF,Confirmed,4.69,,,,,1.09,0.16,1.088,,0.162,,1.722,,0.076,,1.72,0.76,0.61,3.09,0.08,2.32,2.324,,False,96.0,99.0,96.0,88.0,93.0,91.0,91.0,92.0,94.0,high,high,high,high,high,high,high,high,high,2026-09-04
hitter,COL,STL,Hunter Goodman,696100,3.0,C,Confirmed,4.66,,,,,1.27,0.24,1.267,,0.24,,1.319,,0.08,,1.32,0.62,0.55,2.49,0.08,2.31,2.31,,False,96.0,99.0,96.0,88.0,93.0,91.0,91.0,92.0,94.0,high,high,high,high,high,high,high,high,high,2026-09-04
hitter,COL,STL,TJ Rumfield,681198,4.0,1B,Confirmed,4.74,,,,,0.67,0.31,0.667,,0.311,,1.278,,0.039,,1.28,0.59,0.5,2.37,0.04,1.65,1.654,,False,96.0,99.0,96.0,88.0,93.0,91.0,91.0,92.0,94.0,high,high,high,high,high,high,high,high,high,2026-09-04
hitter,COL,STL,Cole Carrigg,694249,5.0,CF,Confirmed,4.66,,,,,1.03,0.24,1.029,,0.24,,1.722,,0.056,,1.72,0.76,0.68,3.17,0.06,2.22,2.223,,False,96.0,99.0,96.0,88.0,93.0,91.0,91.0,92.0,94.0,high,high,high,high,high,high,high,high,high,2026-09-04
hitter,COL,STL,Connor Norby,681393,6.0,3B,Confirmed,4.41,,,,,1.07,0.24,1.066,,0.24,,1.139,,0.037,,1.14,0.46,0.45,2.04,0.04,1.55,1.55,,False,96.0,99.0,96.0,88.0,93.0,91.0,91.0,92.0,94.0,high,high,high,high,high,high,high,high,high,2026-09-04
hitter,COL,STL,Troy Johnston,687859,7.0,DH,Confirmed,3.85,,,,,0.6,0.15,0.596,,0.15,,1.139,,0.028,,1.14,0.44,0.39,1.96,0.03,1.53,1.535,,False,96.0,99.0,96.0,88.0,93.0,91.0,91.0,92.0,94.0,high,high,high,high,high,high,high,high,high,2026-09-04
hitter,COL,STL,Adael Amador,691182,8.0,2B,Confirmed,3.85,,,,,0.93,0.21,0.93,,0.207,,0.831,,0.027,,0.83,0.34,0.29,1.46,0.03,1.35,1.351,,False,96.0,99.0,96.0,88.0,93.0,91.0,91.0,92.0,94.0,high,high,high,high,high,high,high,high,high,2026-09-04
hitter,COL,STL,Zac Veen,691728,9.0,LF,Confirmed,3.6,,,,,1.03,0.11,1.029,,0.11,,0.74,,0.025,,0.74,0.29,0.26,1.29,0.02,1.11,1.109,,False,96.0,99.0,96.0,88.0,93.0,91.0,91.0,92.0,94.0,high,high,high,high,high,high,high,high,high,2026-09-04
hitter,STL,COL,Bryan Torres,663494,1.0,2B,Confirmed,2.92,,,,,0.6,0.24,0.596,,0.24,,0.571,,0.015,,0.57,0.28,0.2,1.05,0.02,0.78,0.78,,False,96.0,99.0,96.0,88.0,93.0,91.0,91.0,92.0,94.0,high,high,high,high,high,high,high,high,high,2026-09-04
hitter,STL,COL,Iván Herrera,671056,2.0,DH,Confirmed,4.59,,,,,0.93,0.58,0.93,,0.575,,0.964,,0.043,,0.96,0.52,0.34,1.83,0.04,1.41,1.412,,False,96.0,99.0,96.0,88.0,93.0,91.0,91.0,92.0,94.0,high,high,high,high,high,high,high,high,high,2026-09-04
hitter,STL,COL,Alec Burleson,676475,3.0,1B,Confirmed,4.59,,,,,0.81,0.44,0.815,,0.441,,0.964,,0.045,,0.96,0.49,0.39,1.85,0.04,1.47,1.467,,False,96.0,99.0,96.0,88.0,93.0,91.0,91.0,92.0,94.0,high,high,high,high,high,high,high,high,high,2026-09-04
hitter,STL,COL,Jordan Walker,691023,4.0,RF,Confirmed,4.59,,,,,1.09,0.44,1.088,,0.441,,0.883,,0.057,,0.88,0.47,0.37,1.72,0.06,1.42,1.422,,False,96.0,99.0,96.0,88.0,93.0,91.0,91.0,92.0,94.0,high,high,high,high,high,high,high,high,high,2026-09-04
hitter,STL,COL,Leo Bernal,699024,5.0,C,Confirmed,4.0,,,,,0.93,0.37,0.93,,0.367,,0.964,,0.062,,0.96,0.49,0.4,1.86,0.06,1.2,1.203,,False,96.0,99.0,96.0,88.0,93.0,91.0,91.0,92.0,94.0,high,high,high,high,high,high,high,high,high,2026-09-04
hitter,STL,COL,Joshua Báez,695491,6.0,LF,Confirmed,4.0,,,,,1.07,0.37,1.066,,0.367,,0.793,,0.066,,0.79,0.37,0.34,1.51,0.07,1.16,1.16,,False,96.0,99.0,96.0,88.0,93.0,91.0,91.0,92.0,94.0,high,high,high,high,high,high,high,high,high,2026-09-04
hitter,STL,COL,Nolan Gorman,669357,7.0,3B,Confirmed,3.2,,,,,1.03,0.37,1.029,,0.367,,0.571,,0.044,,0.57,0.28,0.22,1.07,0.04,0.88,0.876,,False,96.0,99.0,96.0,88.0,93.0,91.0,91.0,92.0,94.0,high,high,high,high,high,high,high,high,high,2026-09-04
hitter,STL,COL,Thomas Saggese,695336,8.0,SS,Confirmed,2.63,,,,,0.84,0.24,0.837,,0.24,,0.371,,0.02,,0.37,0.18,0.13,0.69,0.02,0.54,0.543,,False,96.0,99.0,96.0,88.0,93.0,91.0,91.0,92.0,94.0,high,high,high,high,high,high,high,high,high,2026-09-04
hitter,STL,COL,Nathan Church,701675,9.0,CF,Confirmed,3.33,,,,,0.59,0.27,0.595,,0.271,,0.74,,0.022,,0.74,0.31,0.25,1.31,0.02,0.89,0.89,,False,96.0,99.0,96.0,88.0,93.0,91.0,91.0,92.0,94.0,high,high,high,high,high,high,high,high,high,2026-09-04
hitter,SD,NYY,Fernando Tatis Jr.,665487,1.0,RF,Confirmed,4.66,,,,,1.07,0.37,1.066,,0.367,,0.981,,0.274,,0.98,0.62,0.51,2.11,0.27,2.05,2.049,,False,96.0,99.0,96.0,88.0,93.0,91.0,91.0,92.0,94.0,high,high,high,high,high,high,high,high,high,2026-09-04
hitter,SD,NYY,Samad Taylor,669392,2.0,LF,Confirmed,4.0,,,,,1.27,0.31,1.267,,0.311,,0.81,,0.105,,0.81,0.44,0.34,1.59,0.1,1.32,1.316,,False,96.0,99.0,96.0,88.0,93.0,91.0,91.0,92.0,94.0,high,high,high,high,high,high,high,high,high,2026-09-04
hitter,SD,NYY,Manny Machado,592518,3.0,3B,Confirmed,3.95,,,,,1.07,0.37,1.066,,0.367,,0.791,,0.244,,0.79,0.53,0.49,1.81,0.24,1.59,1.59,,False,96.0,99.0,96.0,88.0,93.0,91.0,91.0,92.0,94.0,high,high,high,high,high,high,high,high,high,2026-09-04
hitter,SD,NYY,Ty France,664034,4.0,1B,Confirmed,4.59,,,,,1.07,0.37,1.066,,0.367,,0.964,,0.254,,0.96,0.6,0.56,2.13,0.25,2.0,1.998,,False,96.0,99.0,96.0,88.0,93.0,91.0,91.0,92.0,94.0,high,high,high,high,high,high,high,high,high,2026-09-04
hitter,SD,NYY,Jackson Merrill,701538,5.0,CF,Confirmed,4.59,,,,,1.27,0.31,1.27,,0.311,,0.909,,0.3,,0.91,0.59,0.58,2.08,0.3,1.73,1.726,,False,96.0,99.0,96.0,88.0,93.0,91.0,91.0,92.0,94.0,high,high,high,high,high,high,high,high,high,2026-09-04
hitter,SD,NYY,Austin Hays,669720,6.0,DH,Confirmed,2.14,,,,,0.93,0.11,0.93,,0.11,,0.371,,0.107,,0.37,0.2,0.22,0.8,0.11,0.71,0.711,,False,96.0,99.0,96.0,88.0,93.0,91.0,91.0,92.0,94.0,high,high,high,high,high,high,high,high,high,2026-09-04
hitter,SD,NYY,Xander Bogaerts,593428,7.0,SS,Confirmed,4.22,,,,,0.93,0.37,0.93,,0.367,,0.81,,0.21,,0.81,0.45,0.41,1.67,0.21,1.52,1.517,,False,96.0,99.0,96.0,88.0,93.0,91.0,91.0,92.0,94.0,high,high,high,high,high,high,high,high,high,2026-09-04
hitter,SD,NYY,Luis Campusano,669134,8.0,C,Confirmed,3.6,,,,,0.84,0.37,0.844,,0.367,,0.74,,0.114,,0.74,0.38,0.32,1.44,0.11,1.26,1.256,,False,96.0,99.0,96.0,88.0,93.0,91.0,91.0,92.0,94.0,high,high,high,high,high,high,high,high,high,2026-09-04
hitter,SD,NYY,Jake Cronenworth,630105,9.0,1B,Confirmed,4.24,,,,,1.07,0.31,1.066,,0.311,,0.883,,0.165,,0.88,0.44,0.4,1.73,0.16,1.39,1.389,,False,96.0,99.0,96.0,88.0,93.0,91.0,91.0,92.0,94.0,high,high,high,high,high,high,high,high,high,2026-09-04
hitter,NYY,SD,Ben Rice,700250,1.0,DH,Confirmed,4.59,,,,,1.07,0.21,1.066,,0.207,,1.278,,0.473,,1.28,0.82,0.75,2.85,0.47,2.76,2.756,,False,96.0,99.0,96.0,88.0,93.0,91.0,91.0,92.0,94.0,high,high,high,high,high,high,high,high,high,2026-09-04
hitter,NYY,SD,Cody Bellinger,641355,2.0,LF,Confirmed,4.59,,,,,0.59,0.16,0.595,,0.162,,1.139,,0.272,,1.14,0.64,0.56,2.34,0.27,2.33,2.331,,False,96.0,99.0,96.0,88.0,93.0,91.0,91.0,92.0,94.0,high,high,high,high,high,high,high,high,high,2026-09-04
hitter,NYY,SD,Luis García Jr.,671277,3.0,1B,Confirmed,4.22,,,,,0.67,0.1,0.667,,0.098,,1.139,,0.341,,1.14,0.67,0.69,2.5,0.34,2.51,2.505,,False,96.0,99.0,96.0,88.0,93.0,91.0,91.0,92.0,94.0,high,high,high,high,high,high,high,high,high,2026-09-04
hitter,NYY,SD,Spencer Jones,682987,4.0,CF,Confirmed,4.0,,,,,1.07,0.15,1.066,,0.15,,0.964,,0.403,,0.96,0.65,0.68,2.29,0.4,2.4,2.398,,False,96.0,99.0,96.0,88.0,93.0,91.0,91.0,92.0,94.0,high,high,high,high,high,high,high,high,high,2026-09-04
hitter,NYY,SD,Trent Grisham,663757,5.0,CF,Confirmed,4.22,,,,,0.72,0.21,0.724,,0.207,,1.198,,0.448,,1.2,0.78,0.8,2.78,0.45,2.99,2.988,,False,96.0,99.0,96.0,88.0,93.0,91.0,91.0,92.0,94.0,high,high,high,high,high,high,high,high,high,2026-09-04
hitter,NYY,SD,Jazz Chisholm Jr.,665862,6.0,2B,Confirmed,4.24,,,,,1.07,0.17,1.066,,0.175,,1.139,,0.336,,1.14,0.6,0.69,2.43,0.34,2.37,2.368,,False,96.0,99.0,96.0,88.0,93.0,91.0,91.0,92.0,94.0,high,high,high,high,high,high,high,high,high,2026-09-04
hitter,NYY,SD,George Lombard Jr.,806146,7.0,SS,Confirmed,4.11,,,,,1.03,0.11,1.029,,0.11,,1.087,,0.186,,1.09,0.49,0.48,2.06,0.19,1.73,1.734,,False,96.0,99.0,96.0,88.0,93.0,91.0,91.0,92.0,94.0,high,high,high,high,high,high,high,high,high,2026-09-04
hitter,NYY,SD,Ryan McMahon,641857,8.0,3B,Confirmed,3.85,,,,,0.93,0.11,0.93,,0.11,,0.831,,0.254,,0.83,0.44,0.45,1.72,0.25,2.07,2.075,,False,96.0,99.0,96.0,88.0,93.0,91.0,91.0,92.0,94.0,high,high,high,high,high,high,high,high,high,2026-09-04
hitter,NYY,SD,Austin Wells,669224,9.0,C,Confirmed,3.2,,,,,0.81,0.11,0.815,,0.11,,0.803,,0.202,,0.8,0.4,0.4,1.61,0.2,1.41,1.411,,False,96.0,99.0,96.0,88.0,93.0,91.0,91.0,92.0,94.0,high,high,high,high,high,high,high,high,high,2026-09-04
hitter,LAD,WSH,Tommy Edman,669242,1.0,CF,Confirmed,4.11,,,,,0.59,0.37,0.588,,0.367,,0.662,,0.03,,0.66,0.35,0.24,1.25,0.03,0.99,0.988,,False,96.0,99.0,96.0,88.0,93.0,91.0,91.0,92.0,94.0,high,high,high,high,high,high,high,high,high,2026-09-04
hitter,LAD,WSH,Mookie Betts,605141,2.0,SS,Confirmed,4.22,,,,,0.41,0.44,0.414,,0.441,,0.662,,0.034,,0.66,0.37,0.24,1.27,0.03,0.84,0.837,,False,96.0,99.0,96.0,88.0,93.0,91.0,91.0,92.0,94.0,high,high,high,high,high,high,high,high,high,2026-09-04
hitter,LAD,WSH,Teoscar Hernández,606192,3.0,LF,Confirmed,4.11,,,,,0.84,0.37,0.844,,0.367,,0.571,,0.042,,0.57,0.32,0.24,1.14,0.04,0.82,0.819,,False,96.0,99.0,96.0,88.0,93.0,91.0,91.0,92.0,94.0,high,high,high,high,high,high,high,high,high,2026-09-04
hitter,LAD,WSH,Will Smith,669257,4.0,C,Confirmed,3.95,,,,,0.6,0.44,0.596,,0.441,,0.656,,0.037,,0.66,0.37,0.27,1.29,0.04,0.89,0.891,,False,96.0,99.0,96.0,88.0,93.0,91.0,91.0,92.0,94.0,high,high,high,high,high,high,high,high,high,2026-09-04
hitter,LAD,WSH,Max Muncy,571970,5.0,3B,Confirmed,3.6,,,,,0.72,0.44,0.724,,0.441,,0.429,,0.041,,0.43,0.28,0.19,0.9,0.04,0.68,0.676,,False,96.0,99.0,96.0,88.0,93.0,91.0,91.0,92.0,94.0,high,high,high,high,high,high,high,high,high,2026-09-04
hitter,LAD,WSH,Miguel Rojas,500743,6.0,2B,Confirmed,2.14,,,,,0.23,0.17,0.227,,0.175,,0.118,,0.006,,0.12,0.07,0.05,0.24,0.01,0.32,0.318,,False,96.0,99.0,96.0,88.0,93.0,91.0,91.0,92.0,94.0,high,high,high,high,high,high,high,high,high,2026-09-04
hitter,LAD,WSH,Alex Call,669743,7.0,DH,Confirmed,1.98,,,,,0.36,0.21,0.36,,0.207,,0.118,,0.007,,0.12,0.08,0.04,0.24,0.01,0.28,0.277,,False,96.0,99.0,96.0,88.0,93.0,91.0,91.0,92.0,94.0,high,high,high,high,high,high,high,high,high,2026-09-04
hitter,LAD,WSH,Kyle Tucker,663656,8.0,RF,Confirmed,4.11,,,,,0.42,0.62,0.417,,0.618,,0.662,,0.037,,0.66,0.35,0.24,1.25,0.04,0.86,0.861,,False,96.0,99.0,96.0,88.0,93.0,91.0,91.0,92.0,94.0,high,high,high,high,high,high,high,high,high,2026-09-04
hitter,LAD,WSH,Enrique Hernández,571771,9.0,1B,Confirmed,1.98,,,,,0.5,0.17,0.498,,0.175,,0.118,,0.009,,0.12,0.07,0.04,0.24,0.01,0.26,0.264,,False,96.0,99.0,96.0,88.0,93.0,91.0,91.0,92.0,94.0,high,high,high,high,high,high,high,high,high,2026-09-04
hitter,WSH,LAD,James Wood,695578,1.0,RF,Confirmed,4.53,,,,,2.05,0.88,2.045,,0.875,,0.74,,0.068,,0.74,0.5,0.29,1.53,0.07,1.17,1.172,,False,96.0,99.0,96.0,88.0,93.0,91.0,91.0,92.0,94.0,high,high,high,high,high,high,high,high,high,2026-09-04
hitter,WSH,LAD,Andrés Chaparro,665953,2.0,DH,Confirmed,3.05,,,,,1.27,0.31,1.267,,0.311,,0.443,,0.032,,0.44,0.25,0.17,0.86,0.03,0.83,0.831,,False,96.0,99.0,96.0,88.0,93.0,91.0,91.0,92.0,94.0,high,high,high,high,high,high,high,high,high,2026-09-04
hitter,WSH,LAD,Dylan Crews,686611,3.0,CF,Confirmed,4.22,,,,,1.48,0.44,1.481,,0.441,,0.74,,0.052,,0.74,0.41,0.31,1.46,0.05,1.2,1.203,,False,96.0,99.0,96.0,88.0,93.0,91.0,91.0,92.0,94.0,high,high,high,high,high,high,high,high,high,2026-09-04
hitter,WSH,LAD,CJ Abrams,682928,4.0,SS,Confirmed,4.41,,,,,1.48,0.44,1.481,,0.441,,0.74,,0.055,,0.74,0.41,0.32,1.47,0.05,1.1,1.097,,False,96.0,99.0,96.0,88.0,93.0,91.0,91.0,92.0,94.0,high,high,high,high,high,high,high,high,high,2026-09-04
hitter,WSH,LAD,Brady House,691781,5.0,3B,Confirmed,4.0,,,,,1.48,0.37,1.481,,0.367,,0.662,,0.045,,0.66,0.36,0.28,1.3,0.05,1.01,1.009,,False,96.0,99.0,96.0,88.0,93.0,91.0,91.0,92.0,94.0,high,high,high,high,high,high,high,high,high,2026-09-04
hitter,WSH,LAD,Yohandy Morales,691002,6.0,1B,Confirmed,3.95,,,,,1.48,0.44,1.481,,0.441,,0.571,,0.045,,0.57,0.3,0.25,1.11,0.05,0.86,0.86,,False,96.0,99.0,96.0,88.0,93.0,91.0,91.0,92.0,94.0,high,high,high,high,high,high,high,high,high,2026-09-04
hitter,WSH,LAD,Harry Ford,695670,7.0,C,Confirmed,3.2,,,,,1.3,0.37,1.3,,0.367,,0.371,,0.028,,0.37,0.2,0.14,0.72,0.03,0.55,0.546,,False,96.0,99.0,96.0,88.0,93.0,91.0,91.0,92.0,94.0,high,high,high,high,high,high,high,high,high,2026-09-04
hitter,WSH,LAD,Jacob Young,696285,8.0,CF,Confirmed,3.73,,,,,1.03,0.37,1.029,,0.367,,0.74,,0.023,,0.74,0.33,0.26,1.33,0.02,1.01,1.011,,False,96.0,99.0,96.0,88.0,93.0,91.0,91.0,92.0,94.0,high,high,high,high,high,high,high,high,high,2026-09-04
hitter,WSH,LAD,Nasim Nuñez,683083,9.0,SS,Confirmed,3.33,,,,,1.03,0.31,1.029,,0.311,,0.448,,0.015,,0.45,0.22,0.16,0.82,0.02,0.61,0.611,,False,96.0,99.0,96.0,88.0,93.0,91.0,91.0,92.0,94.0,high,high,high,high,high,high,high,high,high,2026-09-04
hitter,SEA,ATH,Randy Arozarena,668227,1.0,LF,Confirmed,4.74,,,,,1.03,0.59,1.029,,0.589,,1.139,,0.478,,1.14,0.84,0.71,2.69,0.48,2.62,2.623,,False,96.0,99.0,96.0,88.0,93.0,91.0,91.0,92.0,94.0,high,high,high,high,high,high,high,high,high,2026-09-04
hitter,SEA,ATH,Dominic Canzone,686527,2.0,DH,Confirmed,4.4,,,,,0.84,0.37,0.837,,0.367,,1.087,,0.512,,1.09,0.8,0.72,2.6,0.51,2.81,2.81,,False,96.0,99.0,96.0,88.0,93.0,91.0,91.0,92.0,94.0,high,high,high,high,high,high,high,high,high,2026-09-04
hitter,SEA,ATH,Julio Rodríguez,677594,3.0,CF,Confirmed,4.69,,,,,1.03,0.44,1.029,,0.441,,1.714,,0.498,,1.71,1.05,1.03,3.8,0.5,2.83,2.834,,False,96.0,99.0,96.0,88.0,93.0,91.0,91.0,92.0,94.0,high,high,high,high,high,high,high,high,high,2026-09-04
hitter,SEA,ATH,Cal Raleigh,663728,4.0,C,Confirmed,4.59,,,,,1.09,0.63,1.088,,0.626,,1.139,,0.689,,1.14,0.97,0.98,3.09,0.69,3.04,3.039,,False,96.0,99.0,96.0,88.0,93.0,91.0,91.0,92.0,94.0,high,high,high,high,high,high,high,high,high,2026-09-04
hitter,SEA,ATH,Josh Naylor,647304,5.0,1B,Confirmed,4.69,,,,,0.5,0.37,0.498,,0.367,,1.319,,0.261,,1.32,0.75,0.7,2.76,0.26,2.32,2.318,,False,96.0,99.0,96.0,88.0,93.0,91.0,91.0,92.0,94.0,high,high,high,high,high,high,high,high,high,2026-09-04
hitter,SEA,ATH,Cole Young,702284,6.0,2B,Confirmed,4.59,,,,,0.72,0.37,0.724,,0.367,,1.198,,0.378,,1.2,0.67,0.75,2.62,0.38,2.55,2.551,,False,96.0,99.0,96.0,88.0,93.0,91.0,91.0,92.0,94.0,high,high,high,high,high,high,high,high,high,2026-09-04
hitter,SEA,ATH,J.P. Crawford,641487,7.0,SS,Confirmed,4.75,,,,,1.03,0.75,1.029,,0.747,,1.205,,0.297,,1.21,0.7,0.6,2.5,0.3,2.52,2.522,,False,96.0,99.0,96.0,88.0,93.0,91.0,91.0,92.0,94.0,high,high,high,high,high,high,high,high,high,2026-09-04
hitter,SEA,ATH,Lazaro Montes,703155,8.0,RF,Confirmed,4.4,,,,,1.03,0.75,1.029,,0.747,,0.964,,0.544,,0.96,0.74,0.7,2.4,0.54,2.81,2.813,,False,96.0,99.0,96.0,88.0,93.0,91.0,91.0,92.0,94.0,high,high,high,high,high,high,high,high,high,2026-09-04
hitter,SEA,ATH,Brock Rodden,801126,9.0,3B,Confirmed,3.59,,,,,0.84,0.4,0.837,,0.4,,0.81,,0.239,,0.81,0.47,0.43,1.71,0.24,1.6,1.603,,False,96.0,99.0,96.0,88.0,93.0,91.0,91.0,92.0,94.0,high,high,high,high,high,high,high,high,high,2026-09-04
hitter,ATH,SEA,Henry Bolte,703607,1.0,LF,Confirmed,4.4,,,,,1.07,0.24,1.066,,0.24,,1.139,,0.21,,1.14,0.62,0.52,2.28,0.21,2.06,2.056,,False,96.0,99.0,96.0,88.0,93.0,91.0,91.0,92.0,94.0,high,high,high,high,high,high,high,high,high,2026-09-04
hitter,ATH,SEA,Jeff McNeil,643446,2.0,1B,Confirmed,4.4,,,,,0.36,0.16,0.36,,0.162,,1.133,,0.076,,1.13,0.53,0.42,2.08,0.08,1.69,1.689,,False,96.0,99.0,96.0,88.0,93.0,91.0,91.0,92.0,94.0,high,high,high,high,high,high,high,high,high,2026-09-04
hitter,ATH,SEA,Zack Gelof,680869,3.0,3B,Confirmed,4.53,,,,,1.07,0.31,1.066,,0.311,,1.087,,0.18,,1.09,0.6,0.54,2.23,0.18,1.83,1.831,,False,96.0,99.0,96.0,88.0,93.0,91.0,91.0,92.0,94.0,high,high,high,high,high,high,high,high,high,2026-09-04
hitter,ATH,SEA,Lawrence Butler,671732,4.0,RF,Confirmed,3.59,,,,,0.93,0.24,0.93,,0.24,,0.74,,0.182,,0.74,0.45,0.42,1.6,0.18,1.29,1.295,,False,96.0,99.0,96.0,88.0,93.0,91.0,91.0,92.0,94.0,high,high,high,high,high,high,high,high,high,2026-09-04
hitter,ATH,SEA,Carlos Cortes,666126,5.0,LF,Confirmed,3.2,,,,,0.67,0.16,0.667,,0.162,,0.791,,0.093,,0.79,0.4,0.37,1.56,0.09,1.16,1.157,,False,96.0,99.0,96.0,88.0,93.0,91.0,91.0,92.0,94.0,high,high,high,high,high,high,high,high,high,2026-09-04
hitter,ATH,SEA,Jonah Heim,641680,6.0,C,Confirmed,3.59,,,,,0.67,0.16,0.667,,0.162,,0.74,,0.106,,0.74,0.34,0.36,1.44,0.11,1.08,1.082,,False,96.0,99.0,96.0,88.0,93.0,91.0,91.0,92.0,94.0,high,high,high,high,high,high,high,high,high,2026-09-04
hitter,ATH,SEA,Max Muncy,691777,7.0,DH,Confirmed,3.85,,,,,1.03,0.22,1.029,,0.217,,0.81,,0.132,,0.81,0.39,0.36,1.55,0.13,1.39,1.389,,False,96.0,99.0,96.0,88.0,93.0,91.0,91.0,92.0,94.0,high,high,high,high,high,high,high,high,high,2026-09-04
hitter,ATH,SEA,Donovan Walton,622268,8.0,2B,Confirmed,3.2,,,,,0.59,0.21,0.588,,0.207,,0.791,,0.076,,0.79,0.35,0.31,1.45,0.08,1.15,1.154,,False,96.0,99.0,96.0,88.0,93.0,91.0,91.0,92.0,94.0,high,high,high,high,high,high,high,high,high,2026-09-04
hitter,ATH,SEA,Alika Williams,675961,9.0,SS,Confirmed,3.67,,,,,0.6,0.15,0.596,,0.148,,0.831,,0.086,,0.83,0.36,0.33,1.52,0.09,1.43,1.432,,False,96.0,99.0,96.0,88.0,93.0,91.0,91.0,92.0,94.0,high,high,high,high,high,high,high,high,high,2026-09-04
