player_type,team,opponent,player_name,mlb_id,lineup_spot,pos,lineup_status,proj_pa,proj_ip,proj_outs,proj_runs_allowed,proj_hits_allowed,proj_strikeouts,proj_walks,proj_hits,proj_runs,proj_rbi,proj_hrrbi,proj_hr,proj_tb,direct_K,rate_K,direct_BB,rate_BB,direct_H,rate_H,direct_HR,rate_HR,direct_TB,rate_TB,used_fallback,confidence_score,proj_pa_confidence_score,proj_hits_confidence_score,proj_hr_confidence_score,proj_strikeouts_confidence_score,proj_runs_confidence_score,proj_rbi_confidence_score,proj_hrrbi_confidence_score,proj_walks_confidence_score,confidence,proj_pa_confidence,proj_hits_confidence,proj_hr_confidence,proj_strikeouts_confidence,proj_runs_confidence,proj_rbi_confidence,proj_hrrbi_confidence,proj_walks_confidence
hitter,PHI,ATL,Trea Turner,607208,1,SS,Expected Lineup,4.07,,,,,0.87,0.15,0.81,0.38,0.3,1.5,0.05,1.23,0.906,0.827,0.15,0.148,0.781,0.842,0.046,0.064,1.201,1.259,False,74,78,74,66,71,69,69,70,72,medium,medium,medium,medium,medium,medium,medium,medium,medium
hitter,PHI,ATL,Kyle Schwarber,656941,2,DH,Expected Lineup,4.23,,,,,1.27,0.38,0.8,0.45,0.33,1.58,0.1,1.36,1.201,1.337,0.36,0.4,0.781,0.814,0.082,0.126,1.295,1.42,False,74,78,74,66,71,69,69,70,72,medium,medium,medium,medium,medium,medium,medium,medium,medium
hitter,PHI,ATL,Bryce Harper,547180,3,RF,Expected Lineup,4.23,,,,,1.06,0.25,0.89,0.44,0.38,1.7,0.07,1.24,1.054,1.06,0.24,0.269,0.906,0.868,0.054,0.076,1.21,1.258,False,74,78,74,66,71,69,69,70,72,medium,medium,medium,medium,medium,medium,medium,medium,medium
hitter,PHI,ATL,Bryson Stott,681082,4,2B,Expected Lineup,4.07,,,,,0.77,0.21,0.8,0.38,0.32,1.5,0.03,1.14,0.789,0.744,0.195,0.231,0.781,0.815,0.036,0.033,1.201,1.083,False,74,78,74,66,71,69,69,70,72,medium,medium,medium,medium,medium,medium,medium,medium,medium
hitter,PHI,ATL,Alec Bohm,664761,5,1B,Expected Lineup,4.07,,,,,0.62,0.16,0.83,0.39,0.34,1.57,0.04,1.15,0.627,0.611,0.167,0.153,0.781,0.879,0.042,0.047,1.21,1.109,False,74,78,74,66,71,69,69,70,72,medium,medium,medium,medium,medium,medium,medium,medium,medium
hitter,PHI,ATL,Brandon Marsh,669016,6,LF,Expected Lineup,2.89,,,,,0.8,0.08,0.53,0.21,0.21,0.95,0.02,0.75,0.789,0.816,0.102,0.051,0.552,0.514,0.023,0.021,0.824,0.691,False,74,78,74,66,71,69,69,70,72,medium,medium,medium,medium,medium,medium,medium,medium,medium
hitter,PHI,ATL,Edmundo Sosa,624641,7,3B,Expected Lineup,2.59,,,,,0.71,0.09,0.44,0.19,0.17,0.81,0.04,0.71,0.709,0.706,0.102,0.079,0.476,0.416,0.031,0.05,0.824,0.619,False,74,78,74,66,71,69,69,70,72,medium,medium,medium,medium,medium,medium,medium,medium,medium
hitter,PHI,ATL,Justin Crawford,702222,8,CF,Expected Lineup,2.89,,,,,0.56,0.08,0.62,0.24,0.21,1.06,0.02,0.75,0.54,0.577,0.102,0.053,0.687,0.556,0.02,0.018,0.824,0.691,False,74,78,74,66,71,69,69,70,72,medium,medium,medium,medium,medium,medium,medium,medium,medium
hitter,PHI,ATL,J.T. Realmuto,592663,9,C,Expected Lineup,3.45,,,,,0.87,0.12,0.63,0.26,0.23,1.13,0.04,0.87,0.889,0.852,0.135,0.102,0.657,0.617,0.036,0.037,0.914,0.825,False,74,78,74,66,71,69,69,70,72,medium,medium,medium,medium,medium,medium,medium,medium,medium
hitter,ATL,PHI,Michael Harris II,671739,1,CF,Expected Lineup,4.41,,,,,0.77,0.36,0.83,0.43,0.3,1.56,0.04,1.42,0.789,0.747,0.36,0.352,0.781,0.878,0.047,0.043,1.354,1.48,False,74,78,74,66,71,69,69,70,72,medium,medium,medium,medium,medium,medium,medium,medium,medium
hitter,ATL,PHI,Ronald Acuña Jr.,660670,2,RF,Expected Lineup,4.41,,,,,1.01,0.65,0.79,0.47,0.3,1.57,0.06,1.19,1.003,1.015,0.656,0.637,0.781,0.804,0.052,0.069,1.201,1.174,False,74,78,74,66,71,69,69,70,72,medium,medium,medium,medium,medium,medium,medium,medium,medium
hitter,ATL,PHI,Matt Olson,621566,3,1B,Expected Lineup,4.39,,,,,1.05,0.56,0.82,0.47,0.36,1.65,0.08,1.32,1.03,1.076,0.553,0.56,0.781,0.843,0.061,0.092,1.333,1.305,False,74,78,74,66,71,69,69,70,72,medium,medium,medium,medium,medium,medium,medium,medium,medium
hitter,ATL,PHI,Drake Baldwin,686948,4,DH,Expected Lineup,4.58,,,,,0.96,0.56,0.84,0.47,0.35,1.67,0.06,1.21,1.03,0.888,0.553,0.571,0.781,0.892,0.057,0.054,1.21,1.218,False,74,78,74,66,71,69,69,70,72,medium,medium,medium,medium,medium,medium,medium,medium,medium
hitter,ATL,PHI,Mauricio Dubón,643289,5,SS,Expected Lineup,4.39,,,,,0.5,0.31,0.95,0.45,0.37,1.77,0.03,1.3,0.462,0.53,0.281,0.338,0.955,0.944,0.027,0.03,1.295,1.305,False,74,78,74,66,71,69,69,70,72,medium,medium,medium,medium,medium,medium,medium,medium,medium
hitter,ATL,PHI,Ozzie Albies,645277,6,2B,Expected Lineup,4.17,,,,,0.79,0.39,0.78,0.36,0.32,1.45,0.04,1.15,0.789,0.782,0.376,0.401,0.781,0.78,0.035,0.037,1.201,1.111,False,74,78,74,66,71,69,69,70,72,medium,medium,medium,medium,medium,medium,medium,medium,medium
hitter,ATL,PHI,Mike Yastrzemski,573262,7,LF,Expected Lineup,3.0,,,,,0.81,0.28,0.5,0.24,0.18,0.92,0.03,0.78,0.789,0.831,0.295,0.268,0.541,0.466,0.032,0.022,0.914,0.662,False,74,78,74,66,71,69,69,70,72,medium,medium,medium,medium,medium,medium,medium,medium,medium
hitter,ATL,PHI,Austin Riley,663586,8,3B,Expected Lineup,4.25,,,,,1.23,0.54,0.74,0.38,0.28,1.4,0.06,1.11,1.164,1.29,0.553,0.53,0.725,0.755,0.054,0.057,1.088,1.13,False,74,78,74,66,71,69,69,70,72,medium,medium,medium,medium,medium,medium,medium,medium,medium
hitter,ATL,PHI,Sean Murphy,669221,9,C,Expected Lineup,3.93,,,,,1.06,0.42,0.69,0.33,0.25,1.28,0.04,0.93,1.03,1.091,0.397,0.444,0.71,0.674,0.042,0.046,0.914,0.941,False,74,78,74,66,71,69,69,70,72,medium,medium,medium,medium,medium,medium,medium,medium,medium
