feature,importance,target
PA_last21,0.09363269060850143,H
PA_last14,0.09154292941093445,H
PA_last30,0.06784031540155411,H
H_std,0.048379480838775635,H
lineup_spot,0.04611342027783394,H
PA_std,0.034534480422735214,H
H_last30,0.03165499493479729,H
PA_last10,0.02980305254459381,H
hitter_h_rate_vs_hand_std_R,0.024461017921566963,H
lineup_spot_last10,0.01579909585416317,H
PA_last7,0.015744369477033615,H
hitter_k_rate_vs_hand_std_R,0.015596108511090279,H
hitter_bb_rate_vs_hand_std_R,0.015444696880877018,H
hitter_bb_rate_vs_hand_std_L,0.012759733013808727,H
hitter_k_rate_vs_hand_std_L,0.011132367886602879,H
hitter_hr_rate_vs_hand_std_R,0.010795911774039268,H
H_last14,0.010547783225774765,H
hitter_hr_rate_vs_hand_std_L,0.010442984290421009,H
hitter_h_rate_vs_hand_last10_R,0.009979124180972576,H
opp_sp_k_rate_std,0.009773637168109417,H
H_last10,0.009671315550804138,H
hitter_h_rate_vs_hand_std_L,0.009207228198647499,H
hitter_bb_rate_vs_hand_last10_L,0.008989321999251842,H
ev_spread_std,0.008185582235455513,H
team_allowed_k_rate_vs_hand_std,0.008126760832965374,H
h_rate_std,0.00794943980872631,H
hitter_h_rate_vs_hand_last10_L,0.007493711542338133,H
H_last21,0.007356136571615934,H
opp_sp_h_rate_std,0.0071990774013102055,H
opp_sp_k_rate_last10,0.007167857140302658,H
team_allowed_h_rate_vs_hand_std,0.006904484238475561,H
hitter_k_rate_vs_hand_last10_L,0.00689307926222682,H
hitter_k_rate_vs_hand_last10_R,0.005825655069202185,H
hr_rate_last30,0.005716368090361357,H
max_EV_std,0.005690440535545349,H
hitter_bb_rate_vs_hand_last10_R,0.005348601844161749,H
hitter_hr_rate_vs_hand_last10_R,0.005228168331086636,H
PA_last3,0.004970831330865622,H
BB_std,0.00480076065286994,H
h_tt_k,0.004764588549733162,H
H_last7,0.00474378140643239,H
k_rate_last30,0.0046695079654455185,H
h_tt_hr,0.004578508902341127,H
k_rate_last10,0.004575968254357576,H
k_rate_std,0.0045504798181355,H
k_rate_last21,0.0045426953583955765,H
HR_last14,0.004413677379488945,H
team_allowed_bb_rate_vs_hand_std,0.0043969787657260895,H
2B_last30,0.004292617551982403,H
K_last7,0.00426960363984108,H
h_tt_h,0.004215817898511887,H
k_rate_last14,0.004114243201911449,H
2B_last21,0.004109588917344809,H
max_EV_last10,0.003983951639384031,H
h_tt_bb,0.0039270780980587006,H
avg_LA_std,0.003884214675053954,H
hitter_hr_rate_vs_hand_last10_L,0.0038520602975040674,H
K_last10,0.0037963073700666428,H
ev_spread_last10,0.0037682834081351757,H
HR_std,0.003739991458132863,H
BB_last30,0.0037363008596003056,H
bb_rate_std,0.0037248292937874794,H
bb_rate_last30,0.0037061332259327173,H
K_last30,0.003616129979491234,H
K_std,0.0035862328950315714,H
opp_sp_k_rate,0.003545548999682069,H
opp_sp_h_rate_last10,0.003516428405418992,H
opp_sp_ip,0.0035070183221250772,H
ev_la_interaction_std,0.003345801029354334,H
opp_sp_ip_std,0.0033361664973199368,H
hard_hit_proxy_last10,0.0032614993397146463,H
sweet_spot_proxy_std,0.0032364875078201294,H
team_allowed_hr_rate_vs_hand_last10,0.003205366199836135,H
3B_std,0.0031461440958082676,H
opp_sp_bb_rate_std,0.003133537946268916,H
k_rate_last7,0.0031259669922292233,H
ev_la_interaction_last10,0.0031256310176104307,H
team_allowed_k_rate_vs_hand_last10,0.003123439382761717,H
2B_last7,0.0031148747075349092,H
2B_std,0.0031051328405737877,H
h_rate_last21,0.0031042983755469322,H
opp_sp_hr_rate_last10,0.003070610575377941,H
opp_sp_bb_rate,0.0029541903641074896,H
opp_sp_bb_rate_last10,0.0029488729778677225,H
sweet_spot_proxy_last10,0.0029425392858684063,H
opp_sp_ip_last10,0.0029170496854931116,H
opp_sp_hr_rate_std,0.0028121431823819876,H
xbh_proxy_rate_std,0.0028071042615920305,H
K_last14,0.0027840486727654934,H
K_last21,0.002778987167403102,H
avg_LA_last10,0.0027708434499800205,H
2B_last10,0.0027670932468026876,H
team_allowed_bb_rate_vs_hand_last10,0.0027590410318225622,H
bb_rate_last7,0.0027573220431804657,H
hr_rate_last7,0.002752807689830661,H
BB_last21,0.002739089075475931,H
park_factor,0.002690673340111971,H
days_since_game,0.002684461185708642,H
bb_rate_last14,0.002677912125363946,H
opp_sp_h_rate,0.0026655527763068676,H
bb_rate_last10,0.0026281841564923525,H
h_rate_last14,0.002597611863166094,H
times_on_base_rate_std,0.0025593419559299946,H
h_rate_last7,0.0025440535973757505,H
avg_EV_std,0.002513438230380416,H
team_allowed_hr_rate_vs_hand_std,0.002510962076485157,H
h_rate_last30,0.002489801961928606,H
times_on_base_rate_last10,0.002489357953891158,H
bb_rate_last21,0.0024827569723129272,H
HR_last10,0.0024759199004620314,H
hr_rate_last10,0.0024686434771865606,H
hr_rate_std,0.002466187346726656,H
barrel_proxy_std,0.0024025302845984697,H
hard_hit_proxy_std,0.002350053982809186,H
blast_proxy_std,0.0023318156599998474,H
h_rate_last10,0.002306404523551464,H
team_allowed_h_rate_vs_hand_last10,0.0022753055673092604,H
opp_sp_hr_rate,0.0022453090641647577,H
avg_EV_last10,0.0022182518150657415,H
BB_last14,0.0021678023040294647,H
SB_last30,0.0,H
SB_last21,0.0,H
SB_last14,0.0,H
2B_last14,0.0,H
BB_last10,0.0,H
HR_last21,0.0,H
HR_last30,0.0,H
BB_last7,0.0,H
hr_rate_last21,0.0,H
hr_rate_last14,0.0,H
HR_last7,0.0,H
SB_last10,0.0,H
SB_last7,0.0,H
SB_std,0.0,H
3B_last30,0.0,H
3B_last21,0.0,H
3B_last14,0.0,H
3B_last10,0.0,H
3B_last7,0.0,H
xbh_proxy_rate_last10,0.0,H
max_hr_rate_last10,0.0,H
max_h_rate_last10,0.0,H
barrel_proxy_last10,0.0,H
blast_proxy_last10,0.0,H
HR_std,0.06079954653978348,HR
h_tt_hr,0.03306405246257782,HR
max_EV_std,0.02116362191736698,HR
lineup_spot,0.01424176525324583,HR
xbh_proxy_rate_std,0.01293293759226799,HR
hitter_hr_rate_vs_hand_std_R,0.012074965052306652,HR
avg_EV_std,0.009893752634525299,HR
hr_rate_std,0.009809691458940506,HR
HR_last30,0.009526243433356285,HR
barrel_proxy_std,0.00898849405348301,HR
PA_last21,0.008837285451591015,HR
PA_last30,0.00856859516352415,HR
HR_last21,0.00842154398560524,HR
hitter_hr_rate_vs_hand_std_L,0.008031037636101246,HR
max_EV_last10,0.007860967889428139,HR
blast_proxy_std,0.007842198945581913,HR
K_std,0.007785992696881294,HR
hitter_k_rate_vs_hand_last10_L,0.007759837433695793,HR
lineup_spot_last10,0.007655639201402664,HR
PA_last7,0.00761320348829031,HR
hitter_k_rate_vs_hand_std_R,0.007604023441672325,HR
hitter_k_rate_vs_hand_std_L,0.007498356979340315,HR
opp_sp_hr_rate_std,0.0073957284912467,HR
hr_rate_last30,0.0073586152866482735,HR
hitter_h_rate_vs_hand_std_L,0.007347408682107925,HR
hitter_bb_rate_vs_hand_std_L,0.007322501391172409,HR
hitter_k_rate_vs_hand_last10_R,0.007209778763353825,HR
hitter_hr_rate_vs_hand_last10_L,0.0070992689579725266,HR
PA_last10,0.007035726215690374,HR
ev_la_interaction_last10,0.0070133451372385025,HR
hitter_bb_rate_vs_hand_last10_L,0.006996983662247658,HR
PA_std,0.006962355226278305,HR
hitter_h_rate_vs_hand_std_R,0.006944472435861826,HR
PA_last14,0.00693979999050498,HR
opp_sp_k_rate_std,0.006800778675824404,HR
h_tt_k,0.00673953490331769,HR
BB_last30,0.006734027992933989,HR
hitter_h_rate_vs_hand_last10_L,0.006732429377734661,HR
opp_sp_k_rate_last10,0.006695849355310202,HR
BB_last21,0.006690668873488903,HR
hitter_h_rate_vs_hand_last10_R,0.006684060674160719,HR
team_allowed_h_rate_vs_hand_std,0.006649748422205448,HR
ev_spread_std,0.006594688631594181,HR
BB_last14,0.006541699171066284,HR
opp_sp_hr_rate_last10,0.006536171771585941,HR
bb_rate_last14,0.006533731706440449,HR
h_rate_std,0.006530332379043102,HR
3B_last30,0.00653031375259161,HR
avg_EV_last10,0.006509028375148773,HR
xbh_proxy_rate_last10,0.006434350740164518,HR
k_rate_std,0.006432501599192619,HR
team_allowed_k_rate_vs_hand_std,0.006424904800951481,HR
h_rate_last30,0.00640952680259943,HR
team_allowed_k_rate_vs_hand_last10,0.006401693914085627,HR
ev_la_interaction_std,0.006377543322741985,HR
avg_LA_last10,0.006359731778502464,HR
bb_rate_last7,0.006335843820124865,HR
hitter_bb_rate_vs_hand_std_R,0.006330450531095266,HR
H_std,0.00631519453600049,HR
hard_hit_proxy_last10,0.006312049459666014,HR
team_allowed_bb_rate_vs_hand_std,0.006274175830185413,HR
hard_hit_proxy_std,0.006273098289966583,HR
h_tt_h,0.006262568756937981,HR
2B_last14,0.006243258714675903,HR
days_since_game,0.00624260725453496,HR
bb_rate_last30,0.006240231450647116,HR
max_hr_rate_last10,0.0062382821924984455,HR
opp_sp_h_rate_std,0.0062304409220814705,HR
opp_sp_bb_rate_std,0.006216805428266525,HR
k_rate_last21,0.006192841567099094,HR
k_rate_last7,0.006189999636262655,HR
k_rate_last14,0.006189034320414066,HR
avg_LA_std,0.006186698563396931,HR
hr_rate_last21,0.006160653196275234,HR
hitter_hr_rate_vs_hand_last10_R,0.0061548370867967606,HR
opp_sp_bb_rate_last10,0.006144307553768158,HR
2B_std,0.006137165240943432,HR
times_on_base_rate_std,0.006133950315415859,HR
k_rate_last30,0.006126373074948788,HR
team_allowed_hr_rate_vs_hand_std,0.006124967709183693,HR
h_rate_last10,0.0061067924834787846,HR
H_last30,0.006092208903282881,HR
h_rate_last14,0.006090118084102869,HR
h_rate_last21,0.006085601169615984,HR
opp_sp_h_rate_last10,0.006082721054553986,HR
opp_sp_k_rate,0.0060547152534127235,HR
blast_proxy_last10,0.006046007387340069,HR
team_allowed_bb_rate_vs_hand_last10,0.006043366156518459,HR
3B_std,0.006033831741660833,HR
BB_std,0.006033589597791433,HR
k_rate_last10,0.0060236272402107716,HR
bb_rate_std,0.006020999513566494,HR
hitter_bb_rate_vs_hand_last10_R,0.0060041602700948715,HR
HR_last10,0.0060020554810762405,HR
K_last21,0.005990576930344105,HR
bb_rate_last10,0.005973157938569784,HR
K_last30,0.005942390765994787,HR
BB_last7,0.005942171905189753,HR
H_last10,0.005934440530836582,HR
hr_rate_last10,0.005921016912907362,HR
PA_last3,0.005897942464798689,HR
ev_spread_last10,0.005892252083867788,HR
3B_last14,0.0058859121054410934,HR
K_last7,0.00586943794041872,HR
times_on_base_rate_last10,0.005856663919985294,HR
2B_last30,0.005853705108165741,HR
sweet_spot_proxy_std,0.005852647125720978,HR
hr_rate_last14,0.005835123360157013,HR
opp_sp_hr_rate,0.005830726120620966,HR
team_allowed_hr_rate_vs_hand_last10,0.005828294903039932,HR
2B_last7,0.005817672703415155,HR
H_last7,0.005817095283418894,HR
sweet_spot_proxy_last10,0.005811878480017185,HR
h_rate_last7,0.005809269845485687,HR
opp_sp_ip_last10,0.005783055908977985,HR
2B_last10,0.005772384814918041,HR
opp_sp_ip_std,0.005755359772592783,HR
H_last14,0.005727344658225775,HR
BB_last10,0.005652711261063814,HR
team_allowed_h_rate_vs_hand_last10,0.005640485789626837,HR
bb_rate_last21,0.005639104172587395,HR
K_last10,0.005637427791953087,HR
max_h_rate_last10,0.0056214723736047745,HR
2B_last21,0.005619260016828775,HR
HR_last14,0.005617526359856129,HR
opp_sp_bb_rate,0.00554622383788228,HR
H_last21,0.005534026771783829,HR
opp_sp_h_rate,0.005530037917196751,HR
opp_sp_ip,0.0054535893723368645,HR
K_last14,0.005363909527659416,HR
h_tt_bb,0.0053320680744946,HR
park_factor,0.005322424694895744,HR
HR_last7,0.00530718918889761,HR
3B_last21,0.005270288325846195,HR
hr_rate_last7,0.005262103397399187,HR
3B_last10,0.005111000966280699,HR
barrel_proxy_last10,0.004999066237360239,HR
3B_last7,0.004020931664854288,HR
SB_last30,0.0,HR
SB_last21,0.0,HR
SB_last7,0.0,HR
SB_std,0.0,HR
SB_last14,0.0,HR
SB_last10,0.0,HR
BB_std,0.08483771979808807,BB
BB_last14,0.046320486813783646,BB
BB_last21,0.04315470531582832,BB
hitter_bb_rate_vs_hand_std_R,0.0426989309489727,BB
bb_rate_std,0.03720187395811081,BB
BB_last30,0.030463991686701775,BB
lineup_spot,0.024132465943694115,BB
PA_last30,0.016798973083496094,BB
PA_last10,0.016496000811457634,BB
BB_last7,0.016104893758893013,BB
lineup_spot_last10,0.014223970472812653,BB
PA_last14,0.01349834818392992,BB
PA_last21,0.012654743157327175,BB
hitter_bb_rate_vs_hand_std_L,0.012231748551130295,BB
PA_last7,0.011011971160769463,BB
h_tt_bb,0.01008723396807909,BB
hitter_bb_rate_vs_hand_last10_L,0.00992859248071909,BB
blast_proxy_std,0.009741570800542831,BB
PA_std,0.009627275168895721,BB
hitter_hr_rate_vs_hand_std_R,0.009596235118806362,BB
opp_sp_bb_rate_std,0.009561889804899693,BB
PA_last3,0.009442196227610111,BB
HR_std,0.009435143321752548,BB
hr_rate_last30,0.00912881176918745,BB
bb_rate_last14,0.009067381732165813,BB
hitter_k_rate_vs_hand_std_L,0.008959053084254265,BB
h_tt_hr,0.008658936247229576,BB
hitter_h_rate_vs_hand_std_L,0.008410953916609287,BB
hitter_bb_rate_vs_hand_last10_R,0.008404217660427094,BB
BB_last10,0.00794946774840355,BB
opp_sp_ip_last10,0.007682306692004204,BB
opp_sp_bb_rate_last10,0.007424585521221161,BB
xbh_proxy_rate_last10,0.007387504447251558,BB
hitter_hr_rate_vs_hand_last10_L,0.007340678945183754,BB
hr_rate_std,0.007226561661809683,BB
opp_sp_ip_std,0.0068426127545535564,BB
bb_rate_last7,0.006761462427675724,BB
hitter_k_rate_vs_hand_last10_L,0.0066840266808867455,BB
bb_rate_last21,0.006590539589524269,BB
hitter_h_rate_vs_hand_last10_L,0.006572184152901173,BB
max_hr_rate_last10,0.00655876100063324,BB
H_last10,0.00632899533957243,BB
team_allowed_bb_rate_vs_hand_std,0.006260506343096495,BB
team_allowed_bb_rate_vs_hand_last10,0.00620398810133338,BB
hitter_k_rate_vs_hand_std_R,0.00617786031216383,BB
HR_last7,0.006040095817297697,BB
hr_rate_last7,0.005899059120565653,BB
hr_rate_last10,0.005887929350137711,BB
bb_rate_last30,0.0058679222129285336,BB
hitter_hr_rate_vs_hand_std_L,0.005830997135490179,BB
hitter_h_rate_vs_hand_std_R,0.005590189713984728,BB
H_last21,0.005493965931236744,BB
opp_sp_ip,0.005491060204803944,BB
HR_last14,0.005463470704853535,BB
H_std,0.005279111210256815,BB
bb_rate_last10,0.005225880537182093,BB
H_last14,0.005217410624027252,BB
2B_std,0.005171747412532568,BB
hitter_k_rate_vs_hand_last10_R,0.005146775394678116,BB
H_last7,0.005132804624736309,BB
xbh_proxy_rate_std,0.005130253732204437,BB
ev_spread_std,0.005087349563837051,BB
ev_spread_last10,0.0050089010037481785,BB
H_last30,0.00493765389546752,BB
k_rate_last7,0.00468778982758522,BB
K_last30,0.004660227335989475,BB
times_on_base_rate_last10,0.004646698944270611,BB
hitter_hr_rate_vs_hand_last10_R,0.004559800028800964,BB
opp_sp_h_rate_last10,0.004538903012871742,BB
hr_rate_last14,0.004537722561508417,BB
max_EV_std,0.004435364156961441,BB
k_rate_last21,0.004364664200693369,BB
2B_last21,0.004318188410252333,BB
K_last7,0.004242554306983948,BB
ev_la_interaction_std,0.004219417925924063,BB
2B_last10,0.004196885507553816,BB
opp_sp_h_rate_std,0.004145247396081686,BB
avg_LA_std,0.0040925065986812115,BB
k_rate_std,0.00407783780246973,BB
barrel_proxy_std,0.0040535759180784225,BB
h_rate_last21,0.003966788295656443,BB
hitter_h_rate_vs_hand_last10_R,0.003949678502976894,BB
h_rate_last14,0.003944233059883118,BB
h_tt_h,0.003917310852557421,BB
hard_hit_proxy_std,0.003858559764921665,BB
barrel_proxy_last10,0.003852076828479767,BB
sweet_spot_proxy_std,0.0038510540034621954,BB
team_allowed_hr_rate_vs_hand_last10,0.00382798770442605,BB
3B_last10,0.0038225646130740643,BB
K_std,0.003816626500338316,BB
opp_sp_hr_rate_last10,0.0037381623405963182,BB
hr_rate_last21,0.003699197666719556,BB
team_allowed_hr_rate_vs_hand_std,0.003602664452046156,BB
opp_sp_h_rate,0.003547027474269271,BB
h_tt_k,0.003534165909513831,BB
opp_sp_hr_rate_std,0.0035233974922448397,BB
team_allowed_h_rate_vs_hand_last10,0.0035232447553426027,BB
2B_last7,0.0035150705371052027,BB
team_allowed_k_rate_vs_hand_std,0.0034947984386235476,BB
k_rate_last14,0.0034875241108238697,BB
team_allowed_h_rate_vs_hand_std,0.0034836577251553535,BB
3B_std,0.0034797971602529287,BB
opp_sp_k_rate_std,0.0034796777181327343,BB
h_rate_std,0.0034611383453011513,BB
ev_la_interaction_last10,0.0034610338043421507,BB
opp_sp_hr_rate,0.003457927145063877,BB
times_on_base_rate_std,0.0034389132633805275,BB
avg_LA_last10,0.0034093456342816353,BB
opp_sp_k_rate,0.003393150633201003,BB
max_EV_last10,0.0033538672141730785,BB
avg_EV_last10,0.0032344385981559753,BB
h_rate_last7,0.003231954528018832,BB
K_last21,0.003224052954465151,BB
HR_last30,0.0031922566704452038,BB
opp_sp_k_rate_last10,0.0031899025198072195,BB
opp_sp_bb_rate,0.003155883401632309,BB
sweet_spot_proxy_last10,0.0030482704751193523,BB
K_last14,0.002971639856696129,BB
k_rate_last30,0.002902727574110031,BB
team_allowed_k_rate_vs_hand_last10,0.0028966255486011505,BB
h_rate_last30,0.002847127616405487,BB
avg_EV_std,0.002823498332872987,BB
2B_last14,0.0027565141208469868,BB
k_rate_last10,0.0026847044937312603,BB
h_rate_last10,0.0026422725059092045,BB
days_since_game,0.0025518147740513086,BB
max_h_rate_last10,0.0024977698922157288,BB
2B_last30,0.0024707093834877014,BB
hard_hit_proxy_last10,0.002131400629878044,BB
park_factor,0.002103556180372834,BB
SB_last30,0.0,BB
SB_last10,0.0,BB
SB_last7,0.0,BB
SB_last21,0.0,BB
SB_last14,0.0,BB
3B_last21,0.0,BB
3B_last14,0.0,BB
3B_last7,0.0,BB
HR_last21,0.0,BB
K_last10,0.0,BB
HR_last10,0.0,BB
SB_std,0.0,BB
3B_last30,0.0,BB
blast_proxy_last10,0.0,BB
K_std,0.12109959870576859,K
K_last30,0.06638161092996597,K
K_last21,0.034615859389305115,K
h_tt_k,0.02829483523964882,K
k_rate_std,0.025389771908521652,K
hitter_k_rate_vs_hand_std_R,0.022320302203297615,K
lineup_spot,0.020052799955010414,K
PA_last21,0.017575372010469437,K
lineup_spot_last10,0.017512308433651924,K
HR_std,0.017033616080880165,K
opp_sp_k_rate_std,0.015595570206642151,K
opp_sp_k_rate_last10,0.01482495665550232,K
h_tt_hr,0.014581832103431225,K
BB_std,0.013087245635688305,K
hitter_k_rate_vs_hand_std_L,0.01234095636755228,K
HR_last30,0.011726160533726215,K
HR_last21,0.011441322043538094,K
PA_last10,0.011424213647842407,K
PA_last14,0.011399892158806324,K
hr_rate_last30,0.010686488822102547,K
max_EV_std,0.010471741668879986,K
avg_EV_std,0.010433538816869259,K
hitter_hr_rate_vs_hand_std_R,0.009622178040444851,K
HR_last14,0.009480700828135014,K
PA_last30,0.008962755091488361,K
team_allowed_k_rate_vs_hand_std,0.008643276058137417,K
xbh_proxy_rate_std,0.008593892678618431,K
K_last14,0.007957329973578453,K
2B_last30,0.007270704954862595,K
opp_sp_h_rate_std,0.006935214623808861,K
k_rate_last14,0.006828781217336655,K
hitter_hr_rate_vs_hand_std_L,0.006710447836667299,K
max_EV_last10,0.006610718090087175,K
PA_std,0.00659779692068696,K
hitter_hr_rate_vs_hand_last10_R,0.006143435835838318,K
barrel_proxy_std,0.006039881147444248,K
h_tt_h,0.006035498343408108,K
ev_la_interaction_last10,0.006007606629282236,K
times_on_base_rate_std,0.005989625118672848,K
BB_last21,0.005941387265920639,K
h_tt_bb,0.005931586027145386,K
blast_proxy_std,0.00590676860883832,K
BB_last10,0.0056468527764081955,K
hitter_h_rate_vs_hand_std_L,0.005558019503951073,K
ev_spread_std,0.005553554743528366,K
hitter_k_rate_vs_hand_last10_R,0.005513051524758339,K
sweet_spot_proxy_std,0.005475259386003017,K
PA_last3,0.005474697332829237,K
HR_last10,0.0053683980368077755,K
opp_sp_k_rate,0.005090384744107723,K
opp_sp_ip_last10,0.005071861203759909,K
opp_sp_bb_rate_std,0.0050698816776275635,K
hitter_h_rate_vs_hand_std_R,0.005037423688918352,K
bb_rate_last30,0.005020936951041222,K
times_on_base_rate_last10,0.004973169416189194,K
2B_last21,0.0049709174782037735,K
hr_rate_last21,0.00494344299659133,K
opp_sp_ip_std,0.004919894505292177,K
team_allowed_h_rate_vs_hand_std,0.0048806676641106606,K
hitter_bb_rate_vs_hand_last10_L,0.004844246432185173,K
H_std,0.004826510790735483,K
K_last10,0.0048160129226744175,K
bb_rate_last21,0.004815706517547369,K
hr_rate_last10,0.00478500546887517,K
bb_rate_std,0.0047601754777133465,K
hitter_bb_rate_vs_hand_std_R,0.004710833076387644,K
PA_last7,0.004664567764848471,K
hitter_k_rate_vs_hand_last10_L,0.004638373386114836,K
BB_last30,0.004619314800947905,K
H_last7,0.004614886827766895,K
hr_rate_last7,0.004602971952408552,K
hitter_h_rate_vs_hand_last10_R,0.004595648497343063,K
hitter_bb_rate_vs_hand_last10_R,0.004567266907542944,K
team_allowed_k_rate_vs_hand_last10,0.004497199784964323,K
k_rate_last30,0.004456431604921818,K
ev_la_interaction_std,0.004424946382641792,K
opp_sp_h_rate_last10,0.004402585793286562,K
hitter_hr_rate_vs_hand_last10_L,0.004393179900944233,K
BB_last14,0.004352712072432041,K
bb_rate_last7,0.004272739868611097,K
k_rate_last21,0.004268637392669916,K
opp_sp_bb_rate_last10,0.004265308380126953,K
avg_EV_last10,0.00424945866689086,K
opp_sp_hr_rate_std,0.00424205930903554,K
xbh_proxy_rate_last10,0.004220003727823496,K
3B_last7,0.00412067212164402,K
hitter_bb_rate_vs_hand_std_L,0.004101589322090149,K
hard_hit_proxy_std,0.004084095824509859,K
H_last30,0.0039320653304457664,K
H_last21,0.0038972648326307535,K
avg_LA_std,0.003858701093122363,K
team_allowed_hr_rate_vs_hand_std,0.0038394152652472258,K
opp_sp_ip,0.003792343195527792,K
hitter_h_rate_vs_hand_last10_L,0.003731707576662302,K
h_rate_last7,0.0037125854287296534,K
opp_sp_hr_rate_last10,0.0036556939594447613,K
hr_rate_std,0.0036203230265527964,K
2B_last10,0.003599718911573291,K
2B_last14,0.0035942501854151487,K
h_rate_last10,0.0035643361043184996,K
avg_LA_last10,0.0035556063521653414,K
H_last14,0.003549549961462617,K
h_rate_last30,0.0034070932306349277,K
2B_std,0.003369346261024475,K
hr_rate_last14,0.003362538293004036,K
3B_std,0.003331479849293828,K
opp_sp_hr_rate,0.0032106181606650352,K
team_allowed_bb_rate_vs_hand_std,0.00320659251883626,K
team_allowed_hr_rate_vs_hand_last10,0.003181954612955451,K
bb_rate_last10,0.003179842373356223,K
sweet_spot_proxy_last10,0.0031789548229426146,K
bb_rate_last14,0.003146097995340824,K
k_rate_last10,0.003078743116930127,K
h_rate_last14,0.003010171465575695,K
opp_sp_h_rate,0.003008210100233555,K
team_allowed_bb_rate_vs_hand_last10,0.0029796373564749956,K
hard_hit_proxy_last10,0.002964500105008483,K
HR_last7,0.0029175919480621815,K
ev_spread_last10,0.0028916369192302227,K
h_rate_last21,0.0028537309262901545,K
team_allowed_h_rate_vs_hand_last10,0.0028433173429220915,K
k_rate_last7,0.0026465165428817272,K
max_hr_rate_last10,0.0026097274385392666,K
opp_sp_bb_rate,0.002419107360765338,K
H_last10,0.002017928520217538,K
h_rate_std,0.0,K
BB_last7,0.0,K
2B_last7,0.0,K
SB_last30,0.0,K
SB_last21,0.0,K
SB_last14,0.0,K
SB_last10,0.0,K
SB_last7,0.0,K
SB_std,0.0,K
3B_last30,0.0,K
3B_last21,0.0,K
3B_last14,0.0,K
3B_last10,0.0,K
K_last7,0.0,K
blast_proxy_last10,0.0,K
max_h_rate_last10,0.0,K
days_since_game,0.0,K
barrel_proxy_last10,0.0,K
park_factor,0.0,K
lineup_spot,0.1214139461517334,PA
PA_last21,0.1125476136803627,PA
PA_last30,0.08992622047662735,PA
PA_last14,0.07862506061792374,PA
PA_last10,0.04518429934978485,PA
lineup_spot_last10,0.04452381655573845,PA
PA_std,0.024990705773234367,PA
hitter_hr_rate_vs_hand_std_R,0.024328090250492096,PA
hitter_h_rate_vs_hand_std_R,0.023048439994454384,PA
hitter_h_rate_vs_hand_last10_R,0.020304357632994652,PA
hitter_h_rate_vs_hand_std_L,0.015631478279829025,PA
hitter_bb_rate_vs_hand_std_R,0.0152518879622221,PA
hitter_k_rate_vs_hand_std_R,0.014667465351521969,PA
hitter_hr_rate_vs_hand_std_L,0.014554944820702076,PA
hitter_k_rate_vs_hand_std_L,0.013848926872015,PA
PA_last7,0.01296826172620058,PA
max_EV_std,0.012819165363907814,PA
H_last30,0.011926848441362381,PA
H_std,0.010577399283647537,PA
hitter_bb_rate_vs_hand_std_L,0.009700844995677471,PA
hitter_h_rate_vs_hand_last10_L,0.009063651785254478,PA
hitter_hr_rate_vs_hand_last10_R,0.008600913919508457,PA
hitter_bb_rate_vs_hand_last10_L,0.00788246188312769,PA
hitter_k_rate_vs_hand_last10_R,0.007606283761560917,PA
hitter_k_rate_vs_hand_last10_L,0.007559676188975573,PA
H_last7,0.007321604061871767,PA
hitter_hr_rate_vs_hand_last10_L,0.00702185183763504,PA
PA_last3,0.006807107478380203,PA
H_last14,0.005843206308782101,PA
hitter_bb_rate_vs_hand_last10_R,0.005553684197366238,PA
H_last21,0.005170178133994341,PA
ev_spread_std,0.00418437784537673,PA
HR_last14,0.004144888371229172,PA
HR_std,0.003793887561187148,PA
H_last10,0.003443743335083127,PA
HR_last7,0.003329831873998046,PA
hr_rate_last14,0.0033120231237262487,PA
hr_rate_last7,0.002998365554958582,PA
days_since_game,0.002993198810145259,PA
team_allowed_bb_rate_vs_hand_std,0.0028803993482142687,PA
opp_sp_k_rate_std,0.0028151788283139467,PA
team_allowed_h_rate_vs_hand_std,0.002702675759792328,PA
BB_std,0.002655929885804653,PA
opp_sp_hr_rate_std,0.002515536965802312,PA
times_on_base_rate_std,0.0024932578671723604,PA
opp_sp_h_rate_std,0.002486743265762925,PA
opp_sp_ip_last10,0.0024353601038455963,PA
opp_sp_ip_std,0.0023538675159215927,PA
HR_last21,0.0023318841122090816,PA
HR_last10,0.0022945383097976446,PA
max_EV_last10,0.002260875189676881,PA
opp_sp_k_rate_last10,0.0022224111016839743,PA
opp_sp_h_rate_last10,0.002211559796705842,PA
3B_last14,0.00219441344961524,PA
max_hr_rate_last10,0.002133288187906146,PA
team_allowed_k_rate_vs_hand_std,0.0021276690531522036,PA
h_rate_last7,0.0020921025425195694,PA
opp_sp_bb_rate_std,0.0020744691137224436,PA
opp_sp_bb_rate_last10,0.0020152046345174313,PA
xbh_proxy_rate_std,0.0019892132841050625,PA
team_allowed_hr_rate_vs_hand_std,0.001962397713214159,PA
opp_sp_ip,0.0019528864650055766,PA
opp_sp_k_rate,0.0019248202443122864,PA
opp_sp_hr_rate_last10,0.0019097746117040515,PA
team_allowed_k_rate_vs_hand_last10,0.001903173397295177,PA
barrel_proxy_last10,0.0018913174280896783,PA
park_factor,0.0018740828381851315,PA
team_allowed_bb_rate_vs_hand_last10,0.0018636444583535194,PA
3B_last21,0.0018351784674450755,PA
opp_sp_bb_rate,0.0018233723239973187,PA
2B_last21,0.0018211863934993744,PA
HR_last30,0.0018125398783013225,PA
opp_sp_h_rate,0.00180902355350554,PA
2B_std,0.001796824624761939,PA
h_tt_k,0.001763362088240683,PA
avg_EV_std,0.0017606866313144565,PA
hr_rate_std,0.0017590411007404327,PA
2B_last10,0.0017540581757202744,PA
k_rate_std,0.00174615066498518,PA
h_tt_h,0.0017410899745300412,PA
K_last14,0.0017389648128300905,PA
K_last21,0.001736247562803328,PA
3B_last10,0.0017269536620005965,PA
team_allowed_hr_rate_vs_hand_last10,0.0017166186589747667,PA
times_on_base_rate_last10,0.0017163129523396492,PA
hard_hit_proxy_std,0.0017152720829471946,PA
K_std,0.001708928495645523,PA
k_rate_last7,0.0017046889988705516,PA
bb_rate_std,0.0016953054582700133,PA
3B_last30,0.0016814901027828455,PA
h_rate_std,0.0016702702268958092,PA
h_tt_hr,0.0016687657916918397,PA
k_rate_last10,0.001666732830926776,PA
BB_last30,0.0016499863704666495,PA
opp_sp_hr_rate,0.001645411248318851,PA
3B_last7,0.0016449730610474944,PA
h_rate_last21,0.0016422097105532885,PA
2B_last14,0.001636284519918263,PA
h_tt_bb,0.0016358750872313976,PA
k_rate_last30,0.0016336338594555855,PA
h_rate_last14,0.0016335638938471675,PA
team_allowed_h_rate_vs_hand_last10,0.0016172593459486961,PA
2B_last30,0.0016140434890985489,PA
k_rate_last14,0.0016127042472362518,PA
bb_rate_last30,0.001607966609299183,PA
ev_spread_last10,0.0016012821579352021,PA
hr_rate_last21,0.001599240698851645,PA
sweet_spot_proxy_last10,0.0015854566590860486,PA
K_last7,0.0015814030775800347,PA
avg_EV_last10,0.0015810312470421195,PA
h_rate_last30,0.0015756965149194002,PA
sweet_spot_proxy_std,0.0015755038475617766,PA
K_last10,0.0015720668016001582,PA
ev_la_interaction_std,0.001564130885526538,PA
bb_rate_last21,0.0015380788827314973,PA
bb_rate_last7,0.0015277790371328592,PA
blast_proxy_last10,0.0015197995817288756,PA
barrel_proxy_std,0.00151016004383564,PA
avg_LA_std,0.001507617998868227,PA
bb_rate_last14,0.0015017082914710045,PA
hard_hit_proxy_last10,0.0014982554130256176,PA
h_rate_last10,0.0014967774040997028,PA
blast_proxy_std,0.0014829675201326609,PA
k_rate_last21,0.00147639203350991,PA
max_h_rate_last10,0.0014705529902130365,PA
hr_rate_last10,0.0014581516152247787,PA
ev_la_interaction_last10,0.0014544629957526922,PA
hr_rate_last30,0.001450626994483173,PA
K_last30,0.0014436166966333985,PA
BB_last10,0.0014283389318734407,PA
BB_last7,0.0014226671773940325,PA
BB_last21,0.0014041184913367033,PA
3B_std,0.0013947639381513,PA
bb_rate_last10,0.0013795210979878902,PA
avg_LA_last10,0.001367427408695221,PA
xbh_proxy_rate_last10,0.0013531030854210258,PA
BB_last14,0.0012652608565986156,PA
2B_last7,0.001229653018526733,PA
SB_last30,0.0,PA
SB_last21,0.0,PA
SB_last7,0.0,PA
SB_std,0.0,PA
SB_last14,0.0,PA
SB_last10,0.0,PA
PA_last30,0.06740280240774155,TB
lineup_spot,0.056312497705221176,TB
PA_last21,0.040388841181993484,TB
PA_last14,0.03310909494757652,TB
PA_last10,0.02115449868142605,TB
max_EV_std,0.019494930282235146,TB
lineup_spot_last10,0.018197664991021156,TB
hitter_hr_rate_vs_hand_std_R,0.016689956188201904,TB
PA_std,0.016481131315231323,TB
hitter_bb_rate_vs_hand_std_R,0.016282806172966957,TB
H_std,0.013186474330723286,TB
hitter_h_rate_vs_hand_std_R,0.012035711668431759,TB
hitter_bb_rate_vs_hand_std_L,0.01114584133028984,TB
H_last30,0.011066921055316925,TB
hitter_h_rate_vs_hand_std_L,0.010893194004893303,TB
hitter_hr_rate_vs_hand_std_L,0.010159779340028763,TB
hitter_h_rate_vs_hand_last10_R,0.009822542779147625,TB
PA_last7,0.00965452753007412,TB
opp_sp_k_rate_std,0.009227589704096317,TB
team_allowed_k_rate_vs_hand_std,0.00898263044655323,TB
hitter_bb_rate_vs_hand_last10_R,0.008833259344100952,TB
hitter_k_rate_vs_hand_std_L,0.008822184056043625,TB
hitter_k_rate_vs_hand_last10_L,0.008445417508482933,TB
hitter_k_rate_vs_hand_std_R,0.007998240180313587,TB
team_allowed_h_rate_vs_hand_std,0.007506045047193766,TB
opp_sp_k_rate_last10,0.0074354661628603935,TB
hitter_bb_rate_vs_hand_last10_L,0.007361846975982189,TB
hitter_h_rate_vs_hand_last10_L,0.006998035125434399,TB
hitter_k_rate_vs_hand_last10_R,0.006955594290047884,TB
max_EV_last10,0.006672098767012358,TB
avg_EV_std,0.0065461876802146435,TB
h_tt_hr,0.006503602955490351,TB
H_last10,0.006253503262996674,TB
HR_std,0.006201897747814655,TB
opp_sp_h_rate_std,0.006200856063514948,TB
2B_std,0.006168990395963192,TB
hitter_hr_rate_vs_hand_last10_L,0.006163168698549271,TB
opp_sp_hr_rate_std,0.006070558913052082,TB
HR_last14,0.006041204556822777,TB
HR_last30,0.005998259875923395,TB
ev_spread_std,0.005980477202683687,TB
xbh_proxy_rate_std,0.005920523311942816,TB
H_last14,0.005904973018914461,TB
blast_proxy_std,0.005767224356532097,TB
hitter_hr_rate_vs_hand_last10_R,0.0055674961768090725,TB
hard_hit_proxy_std,0.0052764867432415485,TB
k_rate_last30,0.005201675463467836,TB
barrel_proxy_std,0.005182147026062012,TB
hr_rate_last30,0.0051367455162107944,TB
BB_last30,0.005100641865283251,TB
opp_sp_h_rate_last10,0.005043909884989262,TB
BB_std,0.00496011134237051,TB
k_rate_last7,0.004921667277812958,TB
hr_rate_last10,0.00491693988442421,TB
ev_spread_last10,0.004913970362395048,TB
HR_last21,0.0049052792601287365,TB
avg_LA_last10,0.0049029188230633736,TB
PA_last3,0.0049017732962965965,TB
team_allowed_bb_rate_vs_hand_std,0.004901558626443148,TB
3B_std,0.004897600971162319,TB
bb_rate_last30,0.00489484379068017,TB
team_allowed_hr_rate_vs_hand_std,0.004866461735218763,TB
K_last10,0.0048196641728281975,TB
opp_sp_hr_rate_last10,0.004816368687897921,TB
hr_rate_std,0.004815875086933374,TB
ev_la_interaction_last10,0.004815736319869757,TB
max_hr_rate_last10,0.00481514073908329,TB
h_tt_bb,0.004797511734068394,TB
opp_sp_bb_rate_std,0.004794245585799217,TB
H_last21,0.004788747522979975,TB
barrel_proxy_last10,0.004787990357726812,TB
bb_rate_last21,0.004776791203767061,TB
team_allowed_k_rate_vs_hand_last10,0.0047399429604411125,TB
opp_sp_ip_std,0.004721339326351881,TB
park_factor,0.004704194143414497,TB
opp_sp_bb_rate_last10,0.004694970324635506,TB
2B_last7,0.004690771456807852,TB
H_last7,0.004689851310104132,TB
k_rate_last14,0.004688702989369631,TB
team_allowed_hr_rate_vs_hand_last10,0.004687923472374678,TB
opp_sp_k_rate,0.004661375191062689,TB
hr_rate_last14,0.004642528016120195,TB
3B_last30,0.004641479346901178,TB
K_last21,0.004638862330466509,TB
3B_last21,0.004635950550436974,TB
BB_last21,0.004616334568709135,TB
k_rate_last10,0.004612252116203308,TB
team_allowed_h_rate_vs_hand_last10,0.004598138853907585,TB
h_rate_last21,0.004583391360938549,TB
avg_EV_last10,0.0045623136684298515,TB
hr_rate_last21,0.004561756271868944,TB
opp_sp_ip_last10,0.0045569236390292645,TB
hard_hit_proxy_last10,0.0045333318412303925,TB
HR_last7,0.004526961594820023,TB
h_rate_last7,0.0045212493278086185,TB
h_rate_last10,0.004495745524764061,TB
h_rate_last14,0.00448592146858573,TB
k_rate_std,0.0044691720977425575,TB
bb_rate_std,0.004459126852452755,TB
2B_last30,0.004446015227586031,TB
h_tt_h,0.004444582387804985,TB
opp_sp_ip,0.004444102756679058,TB
K_std,0.0044282227754592896,TB
h_tt_k,0.004423587583005428,TB
blast_proxy_last10,0.004421093501150608,TB
xbh_proxy_rate_last10,0.004382596351206303,TB
K_last7,0.004377179779112339,TB
times_on_base_rate_std,0.004376173485070467,TB
K_last30,0.004375272896140814,TB
times_on_base_rate_last10,0.0043685557320714,TB
hr_rate_last7,0.004362928215414286,TB
ev_la_interaction_std,0.00433198269456625,TB
opp_sp_bb_rate,0.004323387984186411,TB
team_allowed_bb_rate_vs_hand_last10,0.004317612387239933,TB
K_last14,0.004317258484661579,TB
opp_sp_hr_rate,0.004315042402595282,TB
h_rate_last30,0.004296362400054932,TB
bb_rate_last14,0.0042634326964616776,TB
sweet_spot_proxy_std,0.00423753447830677,TB
BB_last10,0.004230808932334185,TB
days_since_game,0.00422489270567894,TB
2B_last21,0.004214825574308634,TB
opp_sp_h_rate,0.004209455102682114,TB
bb_rate_last10,0.004171703942120075,TB
BB_last14,0.0041543119587004185,TB
2B_last14,0.004134175833314657,TB
BB_last7,0.004098213277757168,TB
3B_last7,0.004096304532140493,TB
avg_LA_std,0.0040476517751812935,TB
h_rate_std,0.004046436864882708,TB
sweet_spot_proxy_last10,0.004046203102916479,TB
max_h_rate_last10,0.003950216341763735,TB
k_rate_last21,0.0038579455576837063,TB
3B_last10,0.0038177287206053734,TB
bb_rate_last7,0.003725161077454686,TB
3B_last14,0.0034993381705135107,TB
HR_last10,0.0034581762738525867,TB
2B_last10,0.003383737290278077,TB
SB_last30,0.0,TB
SB_last21,0.0,TB
SB_last7,0.0,TB
SB_std,0.0,TB
SB_last14,0.0,TB
SB_last10,0.0,TB
lineup_spot,0.028432540595531464,2B
PA_last14,0.014551813714206219,2B
PA_last30,0.014057481661438942,2B
lineup_spot_last10,0.012857726775109768,2B
H_std,0.012450146488845348,2B
PA_last21,0.012246680445969105,2B
PA_std,0.011887292377650738,2B
hitter_h_rate_vs_hand_std_R,0.009959696792066097,2B
hitter_bb_rate_vs_hand_std_L,0.008948481641709805,2B
PA_last10,0.008775796741247177,2B
hitter_bb_rate_vs_hand_std_R,0.00859995186328888,2B
hitter_h_rate_vs_hand_std_L,0.008455350063741207,2B
2B_std,0.008404525928199291,2B
team_allowed_h_rate_vs_hand_std,0.008374763652682304,2B
PA_last7,0.008350086398422718,2B
hitter_hr_rate_vs_hand_last10_L,0.008274738676846027,2B
hitter_k_rate_vs_hand_last10_R,0.008270069025456905,2B
team_allowed_k_rate_vs_hand_std,0.008190315216779709,2B
max_EV_std,0.008047777228057384,2B
hitter_h_rate_vs_hand_last10_R,0.007979192771017551,2B
hitter_hr_rate_vs_hand_std_L,0.007957007735967636,2B
hitter_k_rate_vs_hand_std_R,0.007947172038257122,2B
hitter_k_rate_vs_hand_std_L,0.007905100472271442,2B
H_last30,0.007823716849088669,2B
hitter_hr_rate_vs_hand_std_R,0.007703048642724752,2B
hitter_bb_rate_vs_hand_last10_R,0.0075994920916855335,2B
h_tt_k,0.007442814763635397,2B
hitter_h_rate_vs_hand_last10_L,0.00741832097992301,2B
hitter_k_rate_vs_hand_last10_L,0.007389355450868607,2B
xbh_proxy_rate_std,0.007378711365163326,2B
PA_last3,0.00737352017313242,2B
blast_proxy_std,0.007372197229415178,2B
hitter_bb_rate_vs_hand_last10_L,0.007349042221903801,2B
h_tt_h,0.007343591656535864,2B
k_rate_std,0.0072825318202376366,2B
avg_EV_std,0.007223227992653847,2B
H_last21,0.007221167907118797,2B
opp_sp_k_rate_last10,0.007216704543679953,2B
BB_last14,0.0071364217437803745,2B
K_last21,0.007134351413697004,2B
HR_std,0.007101051509380341,2B
opp_sp_k_rate_std,0.006998965982347727,2B
opp_sp_h_rate_std,0.0069920956157147884,2B
3B_last10,0.006978620775043964,2B
hitter_hr_rate_vs_hand_last10_R,0.006938143167644739,2B
K_std,0.006883012596517801,2B
K_last14,0.006848611403256655,2B
HR_last14,0.006844019517302513,2B
3B_std,0.006825412157922983,2B
bb_rate_last14,0.0068207997828722,2B
2B_last30,0.006793785374611616,2B
bb_rate_last7,0.0067818486131727695,2B
bb_rate_std,0.0067799086682498455,2B
ev_spread_std,0.006755810230970383,2B
BB_std,0.0067464085295796394,2B
h_tt_bb,0.006743351463228464,2B
team_allowed_hr_rate_vs_hand_last10,0.006742374040186405,2B
h_rate_last14,0.006736082956194878,2B
BB_last30,0.006735806353390217,2B
team_allowed_hr_rate_vs_hand_std,0.0067344182170927525,2B
bb_rate_last30,0.006720746401697397,2B
sweet_spot_proxy_last10,0.006715880706906319,2B
hr_rate_last7,0.0066819097846746445,2B
opp_sp_h_rate,0.006670236587524414,2B
k_rate_last7,0.006668651942163706,2B
park_factor,0.006666337139904499,2B
k_rate_last21,0.006646364461630583,2B
H_last10,0.006642382591962814,2B
barrel_proxy_std,0.006635443773120642,2B
h_rate_last7,0.006634467747062445,2B
H_last14,0.0066311536356806755,2B
h_rate_std,0.0066305180080235004,2B
3B_last30,0.006605358794331551,2B
k_rate_last30,0.006593358237296343,2B
opp_sp_ip_last10,0.006593239028006792,2B
k_rate_last14,0.006590083707123995,2B
h_tt_hr,0.006588456220924854,2B
max_h_rate_last10,0.006584471557289362,2B
HR_last30,0.006574740167707205,2B
team_allowed_k_rate_vs_hand_last10,0.006559312809258699,2B
2B_last7,0.006554263178259134,2B
max_EV_last10,0.006547225639224052,2B
team_allowed_bb_rate_vs_hand_last10,0.006543286610394716,2B
K_last7,0.006536134053021669,2B
k_rate_last10,0.006527014076709747,2B
hr_rate_std,0.006522126495838165,2B
opp_sp_hr_rate_std,0.0065161436796188354,2B
ev_la_interaction_std,0.006507652811706066,2B
ev_la_interaction_last10,0.006503450684249401,2B
bb_rate_last21,0.0064886342734098434,2B
ev_spread_last10,0.006487941835075617,2B
hr_rate_last10,0.0064837317913770676,2B
team_allowed_bb_rate_vs_hand_std,0.00648260023444891,2B
sweet_spot_proxy_std,0.00648239953443408,2B
BB_last7,0.006481013260781765,2B
hr_rate_last30,0.006478447467088699,2B
opp_sp_h_rate_last10,0.006475203670561314,2B
h_rate_last10,0.006474697962403297,2B
times_on_base_rate_last10,0.006472089793533087,2B
times_on_base_rate_std,0.006470595020800829,2B
hr_rate_last21,0.00645415997132659,2B
h_rate_last21,0.006433142814785242,2B
xbh_proxy_rate_last10,0.006427232176065445,2B
K_last10,0.006418996024876833,2B
H_last7,0.006416763179004192,2B
opp_sp_hr_rate_last10,0.006399474106729031,2B
HR_last7,0.006387786939740181,2B
BB_last21,0.006363005377352238,2B
BB_last10,0.0063529000617563725,2B
days_since_game,0.006343893241137266,2B
blast_proxy_last10,0.006338152568787336,2B
avg_LA_last10,0.0063228122889995575,2B
3B_last21,0.0063161058351397514,2B
opp_sp_bb_rate,0.006304123438894749,2B
team_allowed_h_rate_vs_hand_last10,0.0062677194364368916,2B
avg_EV_last10,0.006267199758440256,2B
opp_sp_bb_rate_std,0.006265257950872183,2B
opp_sp_ip_std,0.006263175047934055,2B
opp_sp_k_rate,0.006261252332478762,2B
avg_LA_std,0.006255973130464554,2B
h_rate_last30,0.006255961488932371,2B
opp_sp_ip,0.006247386801987886,2B
2B_last14,0.006241676397621632,2B
hard_hit_proxy_std,0.006240046117454767,2B
2B_last10,0.006239172071218491,2B
opp_sp_bb_rate_last10,0.006216782610863447,2B
hard_hit_proxy_last10,0.00602668197825551,2B
bb_rate_last10,0.006000956054776907,2B
3B_last7,0.005961996968835592,2B
HR_last10,0.005950532853603363,2B
opp_sp_hr_rate,0.005916111171245575,2B
K_last30,0.0058592832647264,2B
HR_last21,0.005849939305335283,2B
2B_last21,0.0058479332365095615,2B
barrel_proxy_last10,0.005846355576068163,2B
max_hr_rate_last10,0.005766578484326601,2B
3B_last14,0.005475370213389397,2B
hr_rate_last14,0.0054179527796804905,2B
SB_last30,0.0,2B
SB_last21,0.0,2B
SB_last7,0.0,2B
SB_std,0.0,2B
SB_last14,0.0,2B
SB_last10,0.0,2B
3B_std,0.02656581625342369,3B
3B_last10,0.011353631503880024,3B
3B_last21,0.011075066402554512,3B
lineup_spot,0.010805641300976276,3B
3B_last30,0.010793124325573444,3B
team_allowed_bb_rate_vs_hand_std,0.009632996283471584,3B
park_factor,0.009583041071891785,3B
PA_last21,0.009390993043780327,3B
team_allowed_h_rate_vs_hand_last10,0.00913524255156517,3B
hitter_h_rate_vs_hand_std_L,0.0090943593531847,3B
team_allowed_h_rate_vs_hand_std,0.008872129954397678,3B
PA_last30,0.008776351809501648,3B
PA_std,0.00877346284687519,3B
days_since_game,0.008578989654779434,3B
opp_sp_h_rate_last10,0.008371911942958832,3B
BB_std,0.0083653274923563,3B
PA_last14,0.008287984877824783,3B
hitter_bb_rate_vs_hand_std_L,0.00806361809372902,3B
3B_last7,0.00806066207587719,3B
h_tt_bb,0.008050018921494484,3B
PA_last10,0.00804363377392292,3B
team_allowed_k_rate_vs_hand_std,0.00797192007303238,3B
H_std,0.007893587462604046,3B
ev_spread_std,0.007851332426071167,3B
k_rate_std,0.007805262692272663,3B
k_rate_last10,0.007749053183943033,3B
HR_last7,0.00771648483350873,3B
HR_std,0.007694543804973364,3B
hitter_hr_rate_vs_hand_std_L,0.007659054361283779,3B
hr_rate_last14,0.0076242112554609776,3B
k_rate_last14,0.0075730979442596436,3B
BB_last14,0.007504192180931568,3B
hitter_bb_rate_vs_hand_std_R,0.007480226457118988,3B
2B_last21,0.007370278239250183,3B
lineup_spot_last10,0.007358473259955645,3B
team_allowed_k_rate_vs_hand_last10,0.0073308758437633514,3B
H_last21,0.007319641299545765,3B
hitter_k_rate_vs_hand_std_L,0.00731632299721241,3B
times_on_base_rate_std,0.007306157611310482,3B
hitter_h_rate_vs_hand_last10_L,0.007295766845345497,3B
hitter_k_rate_vs_hand_std_R,0.007273782044649124,3B
opp_sp_ip_std,0.007251317612826824,3B
opp_sp_ip,0.007239073980599642,3B
hitter_k_rate_vs_hand_last10_R,0.0072362711653113365,3B
team_allowed_hr_rate_vs_hand_std,0.007235257420688868,3B
sweet_spot_proxy_std,0.00722465431317687,3B
2B_std,0.0072187259793281555,3B
hitter_hr_rate_vs_hand_std_R,0.007215858902782202,3B
bb_rate_std,0.0071972138248384,3B
bb_rate_last30,0.007178660947829485,3B
hitter_bb_rate_vs_hand_last10_L,0.0071653337217867374,3B
PA_last7,0.007152162492275238,3B
HR_last14,0.00714431656524539,3B
h_rate_last30,0.007140836212784052,3B
hr_rate_last10,0.007101079449057579,3B
BB_last30,0.007088012062013149,3B
h_tt_k,0.007086603436619043,3B
xbh_proxy_rate_std,0.0070666479878127575,3B
hitter_h_rate_vs_hand_std_R,0.007038084324449301,3B
hitter_bb_rate_vs_hand_last10_R,0.00703035295009613,3B
hr_rate_last7,0.00702966982498765,3B
H_last14,0.007026390638202429,3B
ev_spread_last10,0.006991865113377571,3B
k_rate_last30,0.006982353050261736,3B
avg_LA_std,0.006953250616788864,3B
opp_sp_h_rate,0.006949272472411394,3B
ev_la_interaction_std,0.006948335096240044,3B
avg_EV_last10,0.006919334176927805,3B
bb_rate_last7,0.006912284530699253,3B
blast_proxy_std,0.006905458401888609,3B
h_tt_h,0.006902568507939577,3B
opp_sp_h_rate_std,0.006896766368299723,3B
k_rate_last21,0.006886763032525778,3B
max_EV_std,0.006879685912281275,3B
hr_rate_std,0.006801829673349857,3B
ev_la_interaction_last10,0.006798396818339825,3B
hard_hit_proxy_last10,0.006750021129846573,3B
avg_LA_last10,0.006733385380357504,3B
h_rate_last10,0.006695591378957033,3B
H_last30,0.006695219781249762,3B
HR_last10,0.006684467196464539,3B
hitter_h_rate_vs_hand_last10_R,0.006684194318950176,3B
team_allowed_hr_rate_vs_hand_last10,0.006663716863840818,3B
hitter_k_rate_vs_hand_last10_L,0.006639370694756508,3B
hr_rate_last30,0.006621192675083876,3B
K_last30,0.0066031599417328835,3B
sweet_spot_proxy_last10,0.006598913576453924,3B
max_EV_last10,0.006586923263967037,3B
PA_last3,0.006578614469617605,3B
hr_rate_last21,0.00657446077093482,3B
barrel_proxy_last10,0.006572104059159756,3B
h_tt_hr,0.006565253250300884,3B
BB_last7,0.006547087803483009,3B
max_hr_rate_last10,0.00653411028906703,3B
opp_sp_hr_rate_std,0.006530441343784332,3B
h_rate_last21,0.0065202671103179455,3B
2B_last7,0.006517089903354645,3B
team_allowed_bb_rate_vs_hand_last10,0.006489633582532406,3B
opp_sp_bb_rate_last10,0.006465157959610224,3B
H_last7,0.006459597032517195,3B
opp_sp_k_rate_std,0.0064548226073384285,3B
h_rate_std,0.00645201513543725,3B
2B_last30,0.006446154788136482,3B
h_rate_last14,0.006440416444092989,3B
hitter_hr_rate_vs_hand_last10_R,0.006439422257244587,3B
hard_hit_proxy_std,0.006434459704905748,3B
K_std,0.006417521275579929,3B
h_rate_last7,0.006414846982806921,3B
opp_sp_ip_last10,0.006410824600607157,3B
BB_last21,0.006393540650606155,3B
xbh_proxy_rate_last10,0.0063809677958488464,3B
opp_sp_k_rate_last10,0.006361531093716621,3B
barrel_proxy_std,0.006357884034514427,3B
2B_last10,0.006357222329825163,3B
2B_last14,0.006307575386017561,3B
K_last7,0.006282818969339132,3B
HR_last21,0.006272247526794672,3B
K_last14,0.006270227022469044,3B
max_h_rate_last10,0.006248696707189083,3B
opp_sp_hr_rate,0.006204828154295683,3B
avg_EV_std,0.006180885247886181,3B
bb_rate_last10,0.006171580869704485,3B
opp_sp_bb_rate,0.006166973151266575,3B
times_on_base_rate_last10,0.006117531098425388,3B
K_last10,0.006106540095061064,3B
opp_sp_bb_rate_std,0.0061022937297821045,3B
H_last10,0.006090672221034765,3B
bb_rate_last21,0.00608366634696722,3B
BB_last10,0.00608052546158433,3B
HR_last30,0.00602751225233078,3B
opp_sp_hr_rate_last10,0.00596894696354866,3B
K_last21,0.005952861625701189,3B
3B_last14,0.005927279591560364,3B
hitter_hr_rate_vs_hand_last10_L,0.005911862477660179,3B
opp_sp_k_rate,0.005861922167241573,3B
k_rate_last7,0.0057389759458601475,3B
bb_rate_last14,0.005559808574616909,3B
blast_proxy_last10,0.004729267209768295,3B
SB_last30,0.0,3B
SB_last21,0.0,3B
SB_last7,0.0,3B
SB_std,0.0,3B
SB_last14,0.0,3B
SB_last10,0.0,3B
lineup_spot,0.0,SB
lineup_spot_last10,0.0,SB
h_rate_std,0.0,SB
hr_rate_std,0.0,SB
bb_rate_std,0.0,SB
k_rate_std,0.0,SB
PA_std,0.0,SB
avg_EV_std,0.0,SB
max_EV_std,0.0,SB
avg_LA_std,0.0,SB
h_rate_last7,0.0,SB
hr_rate_last7,0.0,SB
bb_rate_last7,0.0,SB
k_rate_last7,0.0,SB
PA_last7,0.0,SB
h_rate_last10,0.0,SB
hr_rate_last10,0.0,SB
bb_rate_last10,0.0,SB
k_rate_last10,0.0,SB
PA_last10,0.0,SB
h_rate_last14,0.0,SB
hr_rate_last14,0.0,SB
bb_rate_last14,0.0,SB
k_rate_last14,0.0,SB
PA_last14,0.0,SB
h_rate_last21,0.0,SB
hr_rate_last21,0.0,SB
bb_rate_last21,0.0,SB
k_rate_last21,0.0,SB
PA_last21,0.0,SB
h_rate_last30,0.0,SB
hr_rate_last30,0.0,SB
bb_rate_last30,0.0,SB
k_rate_last30,0.0,SB
PA_last30,0.0,SB
avg_EV_last10,0.0,SB
max_EV_last10,0.0,SB
avg_LA_last10,0.0,SB
H_std,0.0,SB
H_last7,0.0,SB
H_last10,0.0,SB
H_last14,0.0,SB
H_last21,0.0,SB
H_last30,0.0,SB
HR_std,0.0,SB
HR_last7,0.0,SB
HR_last10,0.0,SB
HR_last14,0.0,SB
HR_last21,0.0,SB
HR_last30,0.0,SB
BB_std,0.0,SB
BB_last7,0.0,SB
BB_last10,0.0,SB
BB_last14,0.0,SB
BB_last21,0.0,SB
BB_last30,0.0,SB
K_std,0.0,SB
K_last7,0.0,SB
K_last10,0.0,SB
K_last14,0.0,SB
K_last21,0.0,SB
K_last30,0.0,SB
2B_std,0.0,SB
2B_last7,0.0,SB
2B_last10,0.0,SB
2B_last14,0.0,SB
2B_last21,0.0,SB
2B_last30,0.0,SB
3B_std,0.0,SB
3B_last7,0.0,SB
3B_last10,0.0,SB
3B_last14,0.0,SB
3B_last21,0.0,SB
3B_last30,0.0,SB
SB_std,0.0,SB
SB_last7,0.0,SB
SB_last10,0.0,SB
SB_last14,0.0,SB
SB_last21,0.0,SB
SB_last30,0.0,SB
PA_last3,0.0,SB
max_hr_rate_last10,0.0,SB
max_h_rate_last10,0.0,SB
days_since_game,0.0,SB
barrel_proxy_std,0.0,SB
hard_hit_proxy_std,0.0,SB
sweet_spot_proxy_std,0.0,SB
blast_proxy_std,0.0,SB
ev_la_interaction_std,0.0,SB
ev_spread_std,0.0,SB
times_on_base_rate_std,0.0,SB
xbh_proxy_rate_std,0.0,SB
barrel_proxy_last10,0.0,SB
hard_hit_proxy_last10,0.0,SB
sweet_spot_proxy_last10,0.0,SB
blast_proxy_last10,0.0,SB
ev_la_interaction_last10,0.0,SB
ev_spread_last10,0.0,SB
times_on_base_rate_last10,0.0,SB
xbh_proxy_rate_last10,0.0,SB
hitter_h_rate_vs_hand_last10_R,0.0,SB
hitter_hr_rate_vs_hand_last10_R,0.0,SB
hitter_bb_rate_vs_hand_last10_R,0.0,SB
hitter_k_rate_vs_hand_last10_R,0.0,SB
hitter_h_rate_vs_hand_last10_L,0.0,SB
hitter_hr_rate_vs_hand_last10_L,0.0,SB
hitter_bb_rate_vs_hand_last10_L,0.0,SB
hitter_k_rate_vs_hand_last10_L,0.0,SB
hitter_h_rate_vs_hand_std_R,0.0,SB
hitter_hr_rate_vs_hand_std_R,0.0,SB
hitter_bb_rate_vs_hand_std_R,0.0,SB
hitter_k_rate_vs_hand_std_R,0.0,SB
hitter_h_rate_vs_hand_std_L,0.0,SB
hitter_hr_rate_vs_hand_std_L,0.0,SB
hitter_bb_rate_vs_hand_std_L,0.0,SB
hitter_k_rate_vs_hand_std_L,0.0,SB
team_allowed_k_rate_vs_hand_last10,0.0,SB
team_allowed_bb_rate_vs_hand_last10,0.0,SB
team_allowed_hr_rate_vs_hand_last10,0.0,SB
team_allowed_h_rate_vs_hand_last10,0.0,SB
team_allowed_k_rate_vs_hand_std,0.0,SB
team_allowed_bb_rate_vs_hand_std,0.0,SB
team_allowed_hr_rate_vs_hand_std,0.0,SB
team_allowed_h_rate_vs_hand_std,0.0,SB
opp_sp_k_rate,0.0,SB
opp_sp_bb_rate,0.0,SB
opp_sp_hr_rate,0.0,SB
opp_sp_h_rate,0.0,SB
opp_sp_ip,0.0,SB
opp_sp_k_rate_last10,0.0,SB
opp_sp_bb_rate_last10,0.0,SB
opp_sp_hr_rate_last10,0.0,SB
opp_sp_h_rate_last10,0.0,SB
opp_sp_ip_last10,0.0,SB
opp_sp_k_rate_std,0.0,SB
opp_sp_bb_rate_std,0.0,SB
opp_sp_hr_rate_std,0.0,SB
opp_sp_h_rate_std,0.0,SB
opp_sp_ip_std,0.0,SB
h_tt_k,0.0,SB
h_tt_bb,0.0,SB
h_tt_h,0.0,SB
h_tt_hr,0.0,SB
park_factor,0.0,SB
H_std,0.0662754699587822,H_per_PA
H_last30,0.04850892722606659,H_per_PA
PA_last21,0.04443801939487457,H_per_PA
PA_last30,0.04364309087395668,H_per_PA
lineup_spot,0.042349398136138916,H_per_PA
PA_last14,0.03658730909228325,H_per_PA
PA_std,0.027190465480089188,H_per_PA
hitter_k_rate_vs_hand_std_R,0.025237463414669037,H_per_PA
hitter_h_rate_vs_hand_std_R,0.02420065551996231,H_per_PA
hitter_bb_rate_vs_hand_std_L,0.014575506560504436,H_per_PA
hitter_bb_rate_vs_hand_std_R,0.01406729407608509,H_per_PA
hitter_k_rate_vs_hand_std_L,0.01246092189103365,H_per_PA
lineup_spot_last10,0.011720863170921803,H_per_PA
opp_sp_k_rate_std,0.0116017060354352,H_per_PA
hitter_hr_rate_vs_hand_std_L,0.011367506347596645,H_per_PA
H_last14,0.010324448347091675,H_per_PA
hitter_bb_rate_vs_hand_last10_L,0.010189352557063103,H_per_PA
hitter_hr_rate_vs_hand_std_R,0.00990487914532423,H_per_PA
hitter_h_rate_vs_hand_std_L,0.009237179532647133,H_per_PA
H_last21,0.008995885960757732,H_per_PA
PA_last7,0.00885359663516283,H_per_PA
team_allowed_h_rate_vs_hand_std,0.00796126201748848,H_per_PA
HR_last10,0.007800345309078693,H_per_PA
team_allowed_k_rate_vs_hand_std,0.007470843382179737,H_per_PA
h_tt_k,0.0074307541362941265,H_per_PA
opp_sp_h_rate_std,0.007354739122092724,H_per_PA
ev_spread_std,0.0073540895245969296,H_per_PA
k_rate_last21,0.007335257716476917,H_per_PA
max_hr_rate_last10,0.006920670624822378,H_per_PA
k_rate_last30,0.006695456337183714,H_per_PA
H_last10,0.006527869962155819,H_per_PA
hitter_h_rate_vs_hand_last10_R,0.006516099441796541,H_per_PA
hitter_k_rate_vs_hand_last10_L,0.006494313478469849,H_per_PA
opp_sp_k_rate_last10,0.0064275129698216915,H_per_PA
k_rate_std,0.006043544504791498,H_per_PA
hitter_hr_rate_vs_hand_last10_R,0.005978440400213003,H_per_PA
max_EV_std,0.005867060273885727,H_per_PA
BB_last30,0.005838646087795496,H_per_PA
h_tt_h,0.005781333427876234,H_per_PA
ev_spread_last10,0.005765997804701328,H_per_PA
HR_std,0.005449783522635698,H_per_PA
hitter_h_rate_vs_hand_last10_L,0.005386372562497854,H_per_PA
BB_std,0.005357872694730759,H_per_PA
PA_last10,0.005351691506803036,H_per_PA
h_tt_bb,0.005330687388777733,H_per_PA
bb_rate_last21,0.005289374850690365,H_per_PA
bb_rate_std,0.0052038212306797504,H_per_PA
3B_last14,0.005165890324860811,H_per_PA
hr_rate_last10,0.005134631413966417,H_per_PA
k_rate_last14,0.005118599161505699,H_per_PA
hitter_bb_rate_vs_hand_last10_R,0.005102591123431921,H_per_PA
2B_last7,0.005062931217253208,H_per_PA
team_allowed_bb_rate_vs_hand_std,0.005039396230131388,H_per_PA
K_last21,0.00497942790389061,H_per_PA
bb_rate_last30,0.004945431370288134,H_per_PA
h_tt_hr,0.004904598463326693,H_per_PA
K_last14,0.004889065399765968,H_per_PA
HR_last30,0.0048624370247125626,H_per_PA
K_std,0.004731226712465286,H_per_PA
bb_rate_last7,0.004606555216014385,H_per_PA
k_rate_last10,0.004537430591881275,H_per_PA
barrel_proxy_std,0.004521176218986511,H_per_PA
avg_LA_std,0.004505313467234373,H_per_PA
max_h_rate_last10,0.0044947462156414986,H_per_PA
2B_std,0.00448591448366642,H_per_PA
hitter_hr_rate_vs_hand_last10_L,0.004481245297938585,H_per_PA
opp_sp_k_rate,0.0044677406549453735,H_per_PA
hitter_k_rate_vs_hand_last10_R,0.0044418699108064175,H_per_PA
opp_sp_hr_rate_std,0.004413447808474302,H_per_PA
opp_sp_ip_last10,0.004389612935483456,H_per_PA
opp_sp_bb_rate_std,0.004367739427834749,H_per_PA
BB_last14,0.004340976942330599,H_per_PA
h_rate_std,0.004333379678428173,H_per_PA
BB_last7,0.004331080708652735,H_per_PA
ev_la_interaction_std,0.004326142370700836,H_per_PA
2B_last14,0.004322156775742769,H_per_PA
opp_sp_h_rate_last10,0.004301138687878847,H_per_PA
H_last7,0.004265029914677143,H_per_PA
opp_sp_ip_std,0.004262281581759453,H_per_PA
blast_proxy_std,0.004247856792062521,H_per_PA
team_allowed_k_rate_vs_hand_last10,0.004243874456733465,H_per_PA
hr_rate_std,0.00424177898094058,H_per_PA
bb_rate_last10,0.004238581750541925,H_per_PA
3B_std,0.004229261074215174,H_per_PA
2B_last30,0.004227594006806612,H_per_PA
2B_last21,0.004211013671010733,H_per_PA
team_allowed_bb_rate_vs_hand_last10,0.004118822515010834,H_per_PA
bb_rate_last14,0.004111793823540211,H_per_PA
opp_sp_hr_rate_last10,0.004081066232174635,H_per_PA
K_last10,0.004078063182532787,H_per_PA
opp_sp_bb_rate_last10,0.004056992940604687,H_per_PA
avg_EV_std,0.0040548378601670265,H_per_PA
times_on_base_rate_std,0.004054554738104343,H_per_PA
h_rate_last7,0.004045615904033184,H_per_PA
k_rate_last7,0.004024893511086702,H_per_PA
max_EV_last10,0.00401816051453352,H_per_PA
opp_sp_h_rate,0.0039976732805371284,H_per_PA
opp_sp_ip,0.003977119456976652,H_per_PA
h_rate_last21,0.003976221662014723,H_per_PA
PA_last3,0.003955335821956396,H_per_PA
K_last30,0.003948572091758251,H_per_PA
h_rate_last10,0.003945981152355671,H_per_PA
BB_last21,0.003938622772693634,H_per_PA
opp_sp_bb_rate,0.00389170553535223,H_per_PA
times_on_base_rate_last10,0.003880060277879238,H_per_PA
hard_hit_proxy_last10,0.0038621965795755386,H_per_PA
ev_la_interaction_last10,0.0038508912548422813,H_per_PA
opp_sp_hr_rate,0.0038445189129561186,H_per_PA
park_factor,0.0038157482631504536,H_per_PA
hr_rate_last7,0.0038068867288529873,H_per_PA
team_allowed_h_rate_vs_hand_last10,0.0037991220597177744,H_per_PA
team_allowed_hr_rate_vs_hand_std,0.0037989304400980473,H_per_PA
avg_LA_last10,0.0037821042351424694,H_per_PA
hr_rate_last21,0.0037673022598028183,H_per_PA
sweet_spot_proxy_std,0.0037672969046980143,H_per_PA
xbh_proxy_rate_std,0.003749410854652524,H_per_PA
days_since_game,0.003741385182365775,H_per_PA
avg_EV_last10,0.00367722031660378,H_per_PA
hr_rate_last14,0.0036378910299390554,H_per_PA
h_rate_last30,0.0036235745064914227,H_per_PA
HR_last7,0.003557455027475953,H_per_PA
h_rate_last14,0.003526716260239482,H_per_PA
hard_hit_proxy_std,0.0035215241368860006,H_per_PA
BB_last10,0.0034826984629034996,H_per_PA
sweet_spot_proxy_last10,0.0034792532678693533,H_per_PA
3B_last10,0.0033744515385478735,H_per_PA
team_allowed_hr_rate_vs_hand_last10,0.0033526993356645107,H_per_PA
K_last7,0.003046369180083275,H_per_PA
hr_rate_last30,0.003026462160050869,H_per_PA
3B_last21,0.002516835927963257,H_per_PA
SB_last14,0.0,H_per_PA
SB_last21,0.0,H_per_PA
SB_last30,0.0,H_per_PA
SB_std,0.0,H_per_PA
3B_last30,0.0,H_per_PA
3B_last7,0.0,H_per_PA
2B_last10,0.0,H_per_PA
HR_last21,0.0,H_per_PA
HR_last14,0.0,H_per_PA
SB_last10,0.0,H_per_PA
SB_last7,0.0,H_per_PA
xbh_proxy_rate_last10,0.0,H_per_PA
barrel_proxy_last10,0.0,H_per_PA
blast_proxy_last10,0.0,H_per_PA
HR_std,0.06576813012361526,HR_per_PA
h_tt_hr,0.06319583207368851,HR_per_PA
max_EV_std,0.02023169957101345,HR_per_PA
HR_last30,0.017055485397577286,HR_per_PA
xbh_proxy_rate_std,0.01597008667886257,HR_per_PA
hitter_hr_rate_vs_hand_std_R,0.014430328272283077,HR_per_PA
hr_rate_std,0.013852463103830814,HR_per_PA
lineup_spot,0.012427356094121933,HR_per_PA
avg_EV_std,0.011470175348222256,HR_per_PA
barrel_proxy_std,0.011129727587103844,HR_per_PA
K_std,0.010051033459603786,HR_per_PA
hitter_k_rate_vs_hand_std_R,0.00967972632497549,HR_per_PA
PA_last21,0.009654129855334759,HR_per_PA
PA_last30,0.009597700089216232,HR_per_PA
blast_proxy_std,0.009561525657773018,HR_per_PA
3B_last10,0.009118752554059029,HR_per_PA
opp_sp_hr_rate_std,0.008780594915151596,HR_per_PA
k_rate_last30,0.008775611408054829,HR_per_PA
PA_last10,0.008477415889501572,HR_per_PA
hitter_k_rate_vs_hand_std_L,0.008287441916763783,HR_per_PA
max_EV_last10,0.008197070099413395,HR_per_PA
hitter_h_rate_vs_hand_std_L,0.008143305778503418,HR_per_PA
hr_rate_last30,0.00794229470193386,HR_per_PA
H_last7,0.007899872958660126,HR_per_PA
ev_la_interaction_std,0.007894010283052921,HR_per_PA
ev_spread_std,0.007892814464867115,HR_per_PA
HR_last10,0.007701518479734659,HR_per_PA
ev_la_interaction_last10,0.007620473392307758,HR_per_PA
PA_std,0.007556180935353041,HR_per_PA
hitter_k_rate_vs_hand_last10_L,0.007443653419613838,HR_per_PA
HR_last21,0.007400671951472759,HR_per_PA
hitter_h_rate_vs_hand_last10_L,0.007358777802437544,HR_per_PA
BB_last7,0.007342137396335602,HR_per_PA
hitter_hr_rate_vs_hand_std_L,0.007318501360714436,HR_per_PA
h_rate_last10,0.007290910929441452,HR_per_PA
PA_last7,0.007247710134834051,HR_per_PA
opp_sp_k_rate_last10,0.007225958630442619,HR_per_PA
avg_LA_last10,0.006946977693587542,HR_per_PA
hitter_k_rate_vs_hand_last10_R,0.006913173943758011,HR_per_PA
team_allowed_k_rate_vs_hand_std,0.006857756525278091,HR_per_PA
team_allowed_bb_rate_vs_hand_last10,0.006768719293177128,HR_per_PA
K_last30,0.006753877270966768,HR_per_PA
k_rate_last14,0.006704398896545172,HR_per_PA
h_rate_std,0.006702520418912172,HR_per_PA
team_allowed_k_rate_vs_hand_last10,0.00661127595230937,HR_per_PA
lineup_spot_last10,0.006567274685949087,HR_per_PA
hard_hit_proxy_last10,0.006563747767359018,HR_per_PA
avg_LA_std,0.0064877853728830814,HR_per_PA
team_allowed_h_rate_vs_hand_std,0.0063817319460213184,HR_per_PA
BB_last10,0.006357267964631319,HR_per_PA
hr_rate_last21,0.00634870445355773,HR_per_PA
k_rate_last21,0.0063364566303789616,HR_per_PA
H_last30,0.006289202719926834,HR_per_PA
hitter_h_rate_vs_hand_std_R,0.006269780918955803,HR_per_PA
opp_sp_k_rate_std,0.0062364027835428715,HR_per_PA
opp_sp_bb_rate_std,0.006231856066733599,HR_per_PA
opp_sp_k_rate,0.006222873460501432,HR_per_PA
HR_last14,0.00616826256737113,HR_per_PA
hitter_bb_rate_vs_hand_std_R,0.00614516157656908,HR_per_PA
k_rate_std,0.0061408355832099915,HR_per_PA
hitter_hr_rate_vs_hand_last10_L,0.006109974812716246,HR_per_PA
opp_sp_h_rate_std,0.006022610701620579,HR_per_PA
H_std,0.006017381325364113,HR_per_PA
H_last21,0.0060108196921646595,HR_per_PA
hitter_bb_rate_vs_hand_std_L,0.005988359451293945,HR_per_PA
K_last21,0.005974292289465666,HR_per_PA
hitter_h_rate_vs_hand_last10_R,0.005938034504652023,HR_per_PA
h_rate_last30,0.005935575347393751,HR_per_PA
2B_std,0.005919045303016901,HR_per_PA
BB_last30,0.005914479028433561,HR_per_PA
hitter_hr_rate_vs_hand_last10_R,0.0058906287886202335,HR_per_PA
HR_last7,0.0058862934820353985,HR_per_PA
hard_hit_proxy_std,0.005883581005036831,HR_per_PA
avg_EV_last10,0.005858227610588074,HR_per_PA
team_allowed_bb_rate_vs_hand_std,0.005811005365103483,HR_per_PA
team_allowed_hr_rate_vs_hand_std,0.00580318970605731,HR_per_PA
h_tt_h,0.005800238810479641,HR_per_PA
BB_std,0.005720699671655893,HR_per_PA
ev_spread_last10,0.005711172241717577,HR_per_PA
bb_rate_last14,0.005699382163584232,HR_per_PA
opp_sp_bb_rate_last10,0.005673797335475683,HR_per_PA
hitter_bb_rate_vs_hand_last10_R,0.005671035498380661,HR_per_PA
hitter_bb_rate_vs_hand_last10_L,0.005660535767674446,HR_per_PA
opp_sp_hr_rate,0.005607145372778177,HR_per_PA
2B_last30,0.005598696414381266,HR_per_PA
2B_last21,0.005595686845481396,HR_per_PA
max_h_rate_last10,0.005567558575421572,HR_per_PA
H_last14,0.005485121160745621,HR_per_PA
bb_rate_last10,0.005478098522871733,HR_per_PA
bb_rate_last7,0.00547675509005785,HR_per_PA
H_last10,0.0054694912396371365,HR_per_PA
2B_last7,0.005439735949039459,HR_per_PA
opp_sp_hr_rate_last10,0.00539075443521142,HR_per_PA
opp_sp_h_rate_last10,0.005388334393501282,HR_per_PA
3B_std,0.005385181866586208,HR_per_PA
times_on_base_rate_std,0.005341611802577972,HR_per_PA
k_rate_last7,0.005312011111527681,HR_per_PA
h_tt_k,0.00527585344389081,HR_per_PA
2B_last14,0.005264262668788433,HR_per_PA
BB_last14,0.005206932779401541,HR_per_PA
sweet_spot_proxy_std,0.005163324531167746,HR_per_PA
times_on_base_rate_last10,0.0050831143744289875,HR_per_PA
opp_sp_ip_std,0.004988471046090126,HR_per_PA
hr_rate_last14,0.004927592817693949,HR_per_PA
opp_sp_h_rate,0.004917928483337164,HR_per_PA
opp_sp_bb_rate,0.004909771494567394,HR_per_PA
K_last7,0.004869002383202314,HR_per_PA
bb_rate_last21,0.0048638079315423965,HR_per_PA
hr_rate_last10,0.0048027727752923965,HR_per_PA
K_last10,0.0048025911673903465,HR_per_PA
bb_rate_last30,0.004785249475389719,HR_per_PA
3B_last21,0.00477259699255228,HR_per_PA
team_allowed_hr_rate_vs_hand_last10,0.004732935689389706,HR_per_PA
bb_rate_std,0.004730797838419676,HR_per_PA
opp_sp_ip_last10,0.004691936541348696,HR_per_PA
days_since_game,0.004656837321817875,HR_per_PA
k_rate_last10,0.004646715708076954,HR_per_PA
xbh_proxy_rate_last10,0.004642331041395664,HR_per_PA
h_rate_last7,0.0046264478005468845,HR_per_PA
team_allowed_h_rate_vs_hand_last10,0.004618448670953512,HR_per_PA
barrel_proxy_last10,0.004598477855324745,HR_per_PA
h_rate_last14,0.004552368074655533,HR_per_PA
sweet_spot_proxy_last10,0.0044139232486486435,HR_per_PA
max_hr_rate_last10,0.004407790023833513,HR_per_PA
hr_rate_last7,0.004372444469481707,HR_per_PA
blast_proxy_last10,0.004363152198493481,HR_per_PA
opp_sp_ip,0.00426917290315032,HR_per_PA
h_tt_bb,0.0042072683572769165,HR_per_PA
K_last14,0.003998039290308952,HR_per_PA
2B_last10,0.0038941046223044395,HR_per_PA
h_rate_last21,0.003881290555000305,HR_per_PA
BB_last21,0.0038809694815427065,HR_per_PA
park_factor,0.0035861956421285868,HR_per_PA
PA_last3,0.0032416717149317265,HR_per_PA
PA_last14,0.0029197188559919596,HR_per_PA
SB_last30,0.0,HR_per_PA
3B_last7,0.0,HR_per_PA
SB_last21,0.0,HR_per_PA
SB_last14,0.0,HR_per_PA
SB_last10,0.0,HR_per_PA
SB_last7,0.0,HR_per_PA
SB_std,0.0,HR_per_PA
3B_last30,0.0,HR_per_PA
3B_last14,0.0,HR_per_PA
BB_std,0.0833294615149498,BB_per_PA
hitter_bb_rate_vs_hand_std_R,0.04696612432599068,BB_per_PA
BB_last21,0.04572301357984543,BB_per_PA
BB_last30,0.029769927263259888,BB_per_PA
bb_rate_std,0.027710244059562683,BB_per_PA
BB_last14,0.02606048434972763,BB_per_PA
BB_last7,0.016687404364347458,BB_per_PA
HR_std,0.01574629917740822,BB_per_PA
h_tt_bb,0.01502920687198639,BB_per_PA
lineup_spot,0.014662750996649265,BB_per_PA
hitter_bb_rate_vs_hand_std_L,0.014185323379933834,BB_per_PA
BB_last10,0.013939927332103252,BB_per_PA
hr_rate_std,0.01196963433176279,BB_per_PA
h_tt_hr,0.011811335571110249,BB_per_PA
opp_sp_bb_rate_std,0.011631865054368973,BB_per_PA
hitter_hr_rate_vs_hand_std_R,0.011124437674880028,BB_per_PA
hitter_bb_rate_vs_hand_last10_R,0.010511770844459534,BB_per_PA
lineup_spot_last10,0.010107552632689476,BB_per_PA
PA_std,0.009407957084476948,BB_per_PA
HR_last7,0.00938892737030983,BB_per_PA
xbh_proxy_rate_std,0.009301459416747093,BB_per_PA
opp_sp_bb_rate_last10,0.008742478676140308,BB_per_PA
opp_sp_ip_last10,0.00860801711678505,BB_per_PA
blast_proxy_std,0.008393892087042332,BB_per_PA
bb_rate_last7,0.007962525822222233,BB_per_PA
PA_last30,0.007553323172032833,BB_per_PA
hitter_bb_rate_vs_hand_last10_L,0.0075302827171981335,BB_per_PA
hitter_k_rate_vs_hand_std_L,0.0074957432225346565,BB_per_PA
2B_last10,0.00707434955984354,BB_per_PA
opp_sp_ip_std,0.007028381805866957,BB_per_PA
team_allowed_bb_rate_vs_hand_last10,0.006981497164815664,BB_per_PA
bb_rate_last21,0.006896233651787043,BB_per_PA
team_allowed_bb_rate_vs_hand_std,0.006824337877333164,BB_per_PA
hitter_h_rate_vs_hand_last10_L,0.0067380862310528755,BB_per_PA
bb_rate_last10,0.006680100690573454,BB_per_PA
hr_rate_last14,0.006514186505228281,BB_per_PA
PA_last14,0.006427224725484848,BB_per_PA
PA_last10,0.006159694865345955,BB_per_PA
hitter_h_rate_vs_hand_std_R,0.0059448545798659325,BB_per_PA
H_last7,0.0059073311276733875,BB_per_PA
hitter_k_rate_vs_hand_std_R,0.005880271550267935,BB_per_PA
PA_last21,0.005868921522051096,BB_per_PA
opp_sp_ip,0.005837576929479837,BB_per_PA
hitter_h_rate_vs_hand_std_L,0.0058135041035711765,BB_per_PA
hitter_k_rate_vs_hand_last10_L,0.005777607671916485,BB_per_PA
bb_rate_last14,0.00570011418312788,BB_per_PA
hitter_hr_rate_vs_hand_last10_R,0.005646202247589827,BB_per_PA
hr_rate_last7,0.005620633251965046,BB_per_PA
hitter_hr_rate_vs_hand_std_L,0.0055464222095906734,BB_per_PA
HR_last21,0.005514953285455704,BB_per_PA
max_EV_last10,0.005358225200325251,BB_per_PA
barrel_proxy_std,0.005334345158189535,BB_per_PA
hitter_k_rate_vs_hand_last10_R,0.005273120012134314,BB_per_PA
ev_la_interaction_std,0.005246642045676708,BB_per_PA
k_rate_last21,0.005220410879701376,BB_per_PA
bb_rate_last30,0.005181738641113043,BB_per_PA
hitter_hr_rate_vs_hand_last10_L,0.005158327519893646,BB_per_PA
h_rate_std,0.005145225673913956,BB_per_PA
hard_hit_proxy_std,0.00513495085760951,BB_per_PA
avg_EV_std,0.005028479266911745,BB_per_PA
H_std,0.005005791317671537,BB_per_PA
H_last21,0.004996135365217924,BB_per_PA
H_last14,0.004984756000339985,BB_per_PA
h_tt_k,0.004858090076595545,BB_per_PA
k_rate_last30,0.0048548076301813126,BB_per_PA
max_EV_std,0.004835862200707197,BB_per_PA
H_last30,0.004796194843947887,BB_per_PA
ev_spread_std,0.004766338970512152,BB_per_PA
max_hr_rate_last10,0.004758172668516636,BB_per_PA
avg_LA_std,0.004739779978990555,BB_per_PA
h_rate_last14,0.004737192764878273,BB_per_PA
HR_last14,0.004723116755485535,BB_per_PA
3B_last7,0.004709451459348202,BB_per_PA
hard_hit_proxy_last10,0.004691245965659618,BB_per_PA
opp_sp_h_rate_last10,0.004648629110306501,BB_per_PA
hitter_h_rate_vs_hand_last10_R,0.0046301065012812614,BB_per_PA
2B_last30,0.004612527322024107,BB_per_PA
team_allowed_k_rate_vs_hand_last10,0.004603569395840168,BB_per_PA
avg_EV_last10,0.004603290930390358,BB_per_PA
h_rate_last30,0.004584075417369604,BB_per_PA
PA_last3,0.004559150896966457,BB_per_PA
sweet_spot_proxy_last10,0.0045180232264101505,BB_per_PA
opp_sp_hr_rate_last10,0.004515213426202536,BB_per_PA
team_allowed_hr_rate_vs_hand_std,0.004501727409660816,BB_per_PA
sweet_spot_proxy_std,0.00448909867554903,BB_per_PA
team_allowed_hr_rate_vs_hand_last10,0.004488414619117975,BB_per_PA
2B_std,0.004471183754503727,BB_per_PA
opp_sp_hr_rate_std,0.0044672503136098385,BB_per_PA
opp_sp_hr_rate,0.004447045270353556,BB_per_PA
hr_rate_last30,0.004435678943991661,BB_per_PA
opp_sp_h_rate,0.004405370447784662,BB_per_PA
team_allowed_h_rate_vs_hand_std,0.0043058739975094795,BB_per_PA
k_rate_last14,0.004305065609514713,BB_per_PA
avg_LA_last10,0.00430122809484601,BB_per_PA
K_last30,0.004278028383851051,BB_per_PA
3B_last21,0.004273712635040283,BB_per_PA
h_rate_last21,0.0042466395534574986,BB_per_PA
K_last14,0.0042262389324605465,BB_per_PA
k_rate_last7,0.0042189075611531734,BB_per_PA
ev_la_interaction_last10,0.004211997147649527,BB_per_PA
team_allowed_k_rate_vs_hand_std,0.004207152407616377,BB_per_PA
k_rate_std,0.0041689081117510796,BB_per_PA
hr_rate_last10,0.00415077107027173,BB_per_PA
k_rate_last10,0.004139300901442766,BB_per_PA
2B_last7,0.004121215548366308,BB_per_PA
2B_last21,0.004113821312785149,BB_per_PA
K_std,0.004109318368136883,BB_per_PA
ev_spread_last10,0.004092399030923843,BB_per_PA
opp_sp_k_rate,0.00406670430675149,BB_per_PA
K_last7,0.004043614026159048,BB_per_PA
opp_sp_bb_rate,0.0040220231749117374,BB_per_PA
times_on_base_rate_last10,0.004002565983682871,BB_per_PA
3B_std,0.003995524253696203,BB_per_PA
h_rate_last10,0.003915192559361458,BB_per_PA
h_tt_h,0.003905245568603277,BB_per_PA
h_rate_last7,0.003863750258460641,BB_per_PA
opp_sp_k_rate_last10,0.0037725353613495827,BB_per_PA
K_last10,0.003757440485060215,BB_per_PA
opp_sp_k_rate_std,0.0036804426927119493,BB_per_PA
3B_last30,0.0036498468834906816,BB_per_PA
days_since_game,0.0036107238847762346,BB_per_PA
opp_sp_h_rate_std,0.003547213738784194,BB_per_PA
times_on_base_rate_std,0.0035467145498842,BB_per_PA
HR_last30,0.0034824060276150703,BB_per_PA
HR_last10,0.0034816134721040726,BB_per_PA
team_allowed_h_rate_vs_hand_last10,0.0033304542303085327,BB_per_PA
max_h_rate_last10,0.0032938008662313223,BB_per_PA
hr_rate_last21,0.003254338400438428,BB_per_PA
H_last10,0.003133532591164112,BB_per_PA
barrel_proxy_last10,0.0031236400827765465,BB_per_PA
PA_last7,0.003074974985793233,BB_per_PA
xbh_proxy_rate_last10,0.0029477011412382126,BB_per_PA
K_last21,0.0027892733924090862,BB_per_PA
park_factor,0.002720206044614315,BB_per_PA
2B_last14,0.0022652961779385805,BB_per_PA
3B_last14,0.0,BB_per_PA
SB_last30,0.0,BB_per_PA
SB_last21,0.0,BB_per_PA
SB_last14,0.0,BB_per_PA
SB_last10,0.0,BB_per_PA
SB_last7,0.0,BB_per_PA
SB_std,0.0,BB_per_PA
3B_last10,0.0,BB_per_PA
blast_proxy_last10,0.0,BB_per_PA
h_tt_k,0.09249170869588852,K_per_PA
k_rate_std,0.07074825465679169,K_per_PA
k_rate_last30,0.061373062431812286,K_per_PA
k_rate_last21,0.03835740312933922,K_per_PA
hitter_k_rate_vs_hand_std_R,0.034482259303331375,K_per_PA
opp_sp_k_rate_std,0.02059129811823368,K_per_PA
lineup_spot,0.01797957718372345,K_per_PA
opp_sp_k_rate_last10,0.01752137951552868,K_per_PA
H_last30,0.013067013584077358,K_per_PA
hitter_k_rate_vs_hand_last10_R,0.01145029067993164,K_per_PA
PA_last10,0.010624600574374199,K_per_PA
K_std,0.010608910582959652,K_per_PA
k_rate_last14,0.010037601925432682,K_per_PA
team_allowed_k_rate_vs_hand_std,0.010005221702158451,K_per_PA
k_rate_last10,0.009527093730866909,K_per_PA
PA_last7,0.00939405057579279,K_per_PA
PA_last21,0.00909436121582985,K_per_PA
lineup_spot_last10,0.008122475817799568,K_per_PA
2B_last30,0.00805894285440445,K_per_PA
hitter_k_rate_vs_hand_std_L,0.007950802333652973,K_per_PA
sweet_spot_proxy_last10,0.00791113916784525,K_per_PA
opp_sp_h_rate_std,0.007488037459552288,K_per_PA
hitter_hr_rate_vs_hand_std_L,0.007197062950581312,K_per_PA
h_tt_hr,0.007085034623742104,K_per_PA
hitter_bb_rate_vs_hand_std_R,0.007079140283167362,K_per_PA
hitter_k_rate_vs_hand_last10_L,0.0070422980934381485,K_per_PA
hitter_hr_rate_vs_hand_std_R,0.006851231213659048,K_per_PA
PA_last30,0.006795593071728945,K_per_PA
HR_last7,0.0061060418374836445,K_per_PA
sweet_spot_proxy_std,0.006062722764909267,K_per_PA
H_last14,0.006044656038284302,K_per_PA
K_last7,0.006032289005815983,K_per_PA
barrel_proxy_std,0.00602406170219183,K_per_PA
team_allowed_h_rate_vs_hand_std,0.005914000328630209,K_per_PA
2B_std,0.005861356388777494,K_per_PA
team_allowed_k_rate_vs_hand_last10,0.005859085824340582,K_per_PA
PA_last14,0.005833689589053392,K_per_PA
opp_sp_ip_last10,0.005812299437820911,K_per_PA
hr_rate_last14,0.0058044614270329475,K_per_PA
hr_rate_std,0.005785998422652483,K_per_PA
xbh_proxy_rate_last10,0.005750091280788183,K_per_PA
K_last21,0.005644724704325199,K_per_PA
hr_rate_last30,0.005615735426545143,K_per_PA
hitter_hr_rate_vs_hand_last10_R,0.0055685872212052345,K_per_PA
blast_proxy_std,0.005468801595270634,K_per_PA
h_rate_std,0.005464382469654083,K_per_PA
H_last21,0.0054454742930829525,K_per_PA
bb_rate_std,0.005427110940217972,K_per_PA
K_last30,0.005387272220104933,K_per_PA
opp_sp_h_rate_last10,0.005331089254468679,K_per_PA
hard_hit_proxy_std,0.005308966152369976,K_per_PA
BB_last14,0.0052762627601623535,K_per_PA
HR_last30,0.0052124494686722755,K_per_PA
days_since_game,0.005203219596296549,K_per_PA
bb_rate_last14,0.005142089445143938,K_per_PA
BB_last21,0.005075971595942974,K_per_PA
h_tt_h,0.005034193862229586,K_per_PA
hr_rate_last10,0.005028921645134687,K_per_PA
H_std,0.005013780202716589,K_per_PA
H_last10,0.004992068745195866,K_per_PA
h_rate_last10,0.0049869404174387455,K_per_PA
3B_last30,0.00496135326102376,K_per_PA
bb_rate_last30,0.004875546786934137,K_per_PA
HR_last21,0.004859828390181065,K_per_PA
max_EV_std,0.004841476678848267,K_per_PA
opp_sp_k_rate,0.0048284935764968395,K_per_PA
HR_last14,0.004822107497602701,K_per_PA
HR_std,0.004811642691493034,K_per_PA
hr_rate_last7,0.00477686757221818,K_per_PA
k_rate_last7,0.004770253784954548,K_per_PA
avg_LA_std,0.004742245655506849,K_per_PA
3B_std,0.004716162569820881,K_per_PA
h_tt_bb,0.004705968778580427,K_per_PA
hitter_bb_rate_vs_hand_last10_R,0.004698623903095722,K_per_PA
opp_sp_ip_std,0.004627418704330921,K_per_PA
bb_rate_last21,0.004594587255269289,K_per_PA
xbh_proxy_rate_std,0.004593483172357082,K_per_PA
hitter_h_rate_vs_hand_std_R,0.004569758661091328,K_per_PA
h_rate_last21,0.004473049193620682,K_per_PA
hitter_h_rate_vs_hand_std_L,0.004471796564757824,K_per_PA
opp_sp_bb_rate_last10,0.004456027876585722,K_per_PA
hitter_bb_rate_vs_hand_std_L,0.004453742410987616,K_per_PA
2B_last10,0.004404063802212477,K_per_PA
avg_EV_std,0.004379787482321262,K_per_PA
opp_sp_hr_rate_last10,0.004374068696051836,K_per_PA
HR_last10,0.0043658362701535225,K_per_PA
opp_sp_bb_rate_std,0.004354793578386307,K_per_PA
opp_sp_hr_rate_std,0.004353816621005535,K_per_PA
ev_spread_last10,0.004339929204434156,K_per_PA
times_on_base_rate_std,0.004310667514801025,K_per_PA
avg_LA_last10,0.004302198067307472,K_per_PA
ev_la_interaction_last10,0.004278152249753475,K_per_PA
PA_std,0.004277095198631287,K_per_PA
opp_sp_hr_rate,0.0042611388489604,K_per_PA
PA_last3,0.0042424933053553104,K_per_PA
max_EV_last10,0.004226654767990112,K_per_PA
team_allowed_h_rate_vs_hand_last10,0.00422312505543232,K_per_PA
hr_rate_last21,0.004220114089548588,K_per_PA
ev_spread_std,0.004213400650769472,K_per_PA
park_factor,0.004202461801469326,K_per_PA
hitter_h_rate_vs_hand_last10_L,0.0041998326778411865,K_per_PA
h_rate_last14,0.00419412087649107,K_per_PA
avg_EV_last10,0.004176650196313858,K_per_PA
hitter_h_rate_vs_hand_last10_R,0.004165117163211107,K_per_PA
max_hr_rate_last10,0.004150911699980497,K_per_PA
ev_la_interaction_std,0.004141040612012148,K_per_PA
BB_last10,0.004140106495469809,K_per_PA
K_last10,0.0040666935965418816,K_per_PA
opp_sp_bb_rate,0.004041703417897224,K_per_PA
team_allowed_hr_rate_vs_hand_last10,0.004039417952299118,K_per_PA
K_last14,0.003986939787864685,K_per_PA
bb_rate_last10,0.003909625578671694,K_per_PA
h_rate_last30,0.0038730213418602943,K_per_PA
bb_rate_last7,0.0038620696868747473,K_per_PA
hitter_bb_rate_vs_hand_last10_L,0.003853423520922661,K_per_PA
opp_sp_ip,0.003843701211735606,K_per_PA
team_allowed_hr_rate_vs_hand_std,0.003802806604653597,K_per_PA
opp_sp_h_rate,0.003754694713279605,K_per_PA
team_allowed_bb_rate_vs_hand_last10,0.0037520432379096746,K_per_PA
times_on_base_rate_last10,0.003704229136928916,K_per_PA
team_allowed_bb_rate_vs_hand_std,0.0036790857557207346,K_per_PA
2B_last14,0.0035515660420060158,K_per_PA
h_rate_last7,0.0035279763396829367,K_per_PA
BB_std,0.0034729207400232553,K_per_PA
H_last7,0.00343052064999938,K_per_PA
BB_last7,0.003250128123909235,K_per_PA
BB_last30,0.003209067042917013,K_per_PA
2B_last7,0.003057690104469657,K_per_PA
2B_last21,0.0028948441613465548,K_per_PA
hitter_hr_rate_vs_hand_last10_L,0.0028332050424069166,K_per_PA
SB_last30,0.0,K_per_PA
SB_last21,0.0,K_per_PA
SB_last7,0.0,K_per_PA
SB_std,0.0,K_per_PA
3B_last21,0.0,K_per_PA
3B_last14,0.0,K_per_PA
3B_last7,0.0,K_per_PA
3B_last10,0.0,K_per_PA
SB_last14,0.0,K_per_PA
SB_last10,0.0,K_per_PA
max_h_rate_last10,0.0,K_per_PA
barrel_proxy_last10,0.0,K_per_PA
hard_hit_proxy_last10,0.0,K_per_PA
blast_proxy_last10,0.0,K_per_PA
PA_last30,0.05853668227791786,TB_per_PA
lineup_spot,0.04607681557536125,TB_per_PA
PA_last21,0.030993377789855003,TB_per_PA
max_EV_std,0.028461355715990067,TB_per_PA
hitter_bb_rate_vs_hand_std_R,0.01980450563132763,TB_per_PA
lineup_spot_last10,0.01664464920759201,TB_per_PA
hitter_hr_rate_vs_hand_std_R,0.014656535349786282,TB_per_PA
PA_last10,0.014007293619215488,TB_per_PA
PA_std,0.012226995080709457,TB_per_PA
hitter_bb_rate_vs_hand_std_L,0.012211723253130913,TB_per_PA
PA_last14,0.011699299328029156,TB_per_PA
hitter_h_rate_vs_hand_std_R,0.011028807610273361,TB_per_PA
hitter_hr_rate_vs_hand_std_L,0.010622392408549786,TB_per_PA
hitter_h_rate_vs_hand_std_L,0.010209505446255207,TB_per_PA
H_std,0.010170198045670986,TB_per_PA
hitter_bb_rate_vs_hand_last10_R,0.009246306493878365,TB_per_PA
opp_sp_k_rate_std,0.00918662454932928,TB_per_PA
team_allowed_k_rate_vs_hand_std,0.00896711740642786,TB_per_PA
hitter_bb_rate_vs_hand_last10_L,0.008884086273610592,TB_per_PA
team_allowed_h_rate_vs_hand_std,0.00876927375793457,TB_per_PA
opp_sp_k_rate_last10,0.00841460283845663,TB_per_PA
HR_std,0.008168704807758331,TB_per_PA
H_last30,0.008127898909151554,TB_per_PA
2B_std,0.007915287278592587,TB_per_PA
h_tt_hr,0.00785339716821909,TB_per_PA
hitter_h_rate_vs_hand_last10_L,0.00784373190253973,TB_per_PA
avg_EV_std,0.007770851720124483,TB_per_PA
HR_last30,0.007314562331885099,TB_per_PA
hitter_k_rate_vs_hand_std_L,0.0073088910430669785,TB_per_PA
HR_last14,0.007097376044839621,TB_per_PA
opp_sp_hr_rate_std,0.007069730199873447,TB_per_PA
hitter_h_rate_vs_hand_last10_R,0.006825088523328304,TB_per_PA
hitter_k_rate_vs_hand_last10_L,0.00675604771822691,TB_per_PA
blast_proxy_std,0.006739752367138863,TB_per_PA
hitter_k_rate_vs_hand_last10_R,0.006619911640882492,TB_per_PA
H_last14,0.006536409724503756,TB_per_PA
k_rate_std,0.006401343736797571,TB_per_PA
hitter_k_rate_vs_hand_std_R,0.006375032011419535,TB_per_PA
hard_hit_proxy_std,0.006353224627673626,TB_per_PA
bb_rate_std,0.006266568321734667,TB_per_PA
opp_sp_bb_rate_std,0.006239080335944891,TB_per_PA
max_EV_last10,0.006216544657945633,TB_per_PA
HR_last21,0.006176526192575693,TB_per_PA
hitter_hr_rate_vs_hand_last10_L,0.006143202539533377,TB_per_PA
opp_sp_h_rate_std,0.006087377201765776,TB_per_PA
BB_last10,0.006080922205001116,TB_per_PA
PA_last7,0.006056962534785271,TB_per_PA
3B_last30,0.006056682206690311,TB_per_PA
H_last10,0.0059932563453912735,TB_per_PA
hitter_hr_rate_vs_hand_last10_R,0.0059910546988248825,TB_per_PA
ev_spread_std,0.005979351233690977,TB_per_PA
barrel_proxy_last10,0.005934448912739754,TB_per_PA
team_allowed_bb_rate_vs_hand_std,0.005920529831200838,TB_per_PA
bb_rate_last30,0.005914445500820875,TB_per_PA
H_last21,0.005890378262847662,TB_per_PA
opp_sp_bb_rate_last10,0.005883723963052034,TB_per_PA
BB_last7,0.0058441865257918835,TB_per_PA
HR_last7,0.005817144177854061,TB_per_PA
opp_sp_hr_rate_last10,0.005794466007500887,TB_per_PA
k_rate_last7,0.005790865980088711,TB_per_PA
avg_EV_last10,0.005789212882518768,TB_per_PA
2B_last7,0.005755655467510223,TB_per_PA
3B_last14,0.0057407887652516365,TB_per_PA
avg_LA_last10,0.005720486864447594,TB_per_PA
team_allowed_hr_rate_vs_hand_std,0.0057082828134298325,TB_per_PA
ev_la_interaction_std,0.005670815706253052,TB_per_PA
BB_std,0.005669293459504843,TB_per_PA
barrel_proxy_std,0.005668129306286573,TB_per_PA
BB_last30,0.005580460652709007,TB_per_PA
k_rate_last30,0.005570469424128532,TB_per_PA
BB_last21,0.0055579133331775665,TB_per_PA
ev_la_interaction_last10,0.00553800817579031,TB_per_PA
3B_last21,0.005532541312277317,TB_per_PA
hr_rate_last30,0.005508088041096926,TB_per_PA
h_tt_bb,0.005446923431009054,TB_per_PA
3B_std,0.005445001646876335,TB_per_PA
opp_sp_h_rate,0.005440270062536001,TB_per_PA
h_tt_h,0.005438331048935652,TB_per_PA
bb_rate_last21,0.005426749121397734,TB_per_PA
xbh_proxy_rate_std,0.005397405009716749,TB_per_PA
team_allowed_hr_rate_vs_hand_last10,0.0053713652305305,TB_per_PA
k_rate_last14,0.0053647663444280624,TB_per_PA
k_rate_last21,0.005361173301935196,TB_per_PA
bb_rate_last10,0.00535291712731123,TB_per_PA
hr_rate_std,0.005350208375602961,TB_per_PA
hr_rate_last21,0.005334971472620964,TB_per_PA
times_on_base_rate_std,0.005329974927008152,TB_per_PA
hr_rate_last14,0.005306135397404432,TB_per_PA
bb_rate_last14,0.005286327563226223,TB_per_PA
h_rate_last21,0.005258573219180107,TB_per_PA
team_allowed_k_rate_vs_hand_last10,0.005243654362857342,TB_per_PA
2B_last30,0.005242074839770794,TB_per_PA
hr_rate_last10,0.005232376512140036,TB_per_PA
sweet_spot_proxy_last10,0.005210244562476873,TB_per_PA
xbh_proxy_rate_last10,0.0051279691979289055,TB_per_PA
opp_sp_h_rate_last10,0.00511806458234787,TB_per_PA
times_on_base_rate_last10,0.005091691855341196,TB_per_PA
K_last10,0.005070806480944157,TB_per_PA
avg_LA_std,0.005054371897131205,TB_per_PA
h_rate_last14,0.0050511606968939304,TB_per_PA
days_since_game,0.005006321705877781,TB_per_PA
opp_sp_bb_rate,0.004971866030246019,TB_per_PA
K_std,0.004949911963194609,TB_per_PA
hard_hit_proxy_last10,0.004943123087286949,TB_per_PA
team_allowed_bb_rate_vs_hand_last10,0.0049217697232961655,TB_per_PA
team_allowed_h_rate_vs_hand_last10,0.004914439748972654,TB_per_PA
opp_sp_ip_last10,0.004911226686090231,TB_per_PA
opp_sp_k_rate,0.00490962341427803,TB_per_PA
h_rate_last10,0.004905059468001127,TB_per_PA
ev_spread_last10,0.004904343280941248,TB_per_PA
bb_rate_last7,0.004890641197562218,TB_per_PA
h_rate_last7,0.004857196938246489,TB_per_PA
opp_sp_ip,0.004831908270716667,TB_per_PA
K_last21,0.00480656698346138,TB_per_PA
h_tt_k,0.0047512841410934925,TB_per_PA
opp_sp_hr_rate,0.004745872691273689,TB_per_PA
H_last7,0.004740017931908369,TB_per_PA
park_factor,0.004734831862151623,TB_per_PA
2B_last14,0.004698245786130428,TB_per_PA
hr_rate_last7,0.004670059308409691,TB_per_PA
K_last7,0.004667719826102257,TB_per_PA
K_last14,0.00465939799323678,TB_per_PA
h_rate_std,0.004643360618501902,TB_per_PA
sweet_spot_proxy_std,0.0046237981878221035,TB_per_PA
k_rate_last10,0.004592312965542078,TB_per_PA
h_rate_last30,0.004570650402456522,TB_per_PA
opp_sp_ip_std,0.004566962365061045,TB_per_PA
max_h_rate_last10,0.004545876290649176,TB_per_PA
K_last30,0.004539811052381992,TB_per_PA
blast_proxy_last10,0.00453852629289031,TB_per_PA
PA_last3,0.004525357857346535,TB_per_PA
HR_last10,0.004235480912029743,TB_per_PA
2B_last21,0.00405506556853652,TB_per_PA
BB_last14,0.00401817774400115,TB_per_PA
3B_last7,0.003924104850739241,TB_per_PA
2B_last10,0.003892281325533986,TB_per_PA
SB_last30,0.0,TB_per_PA
SB_last21,0.0,TB_per_PA
SB_last14,0.0,TB_per_PA
SB_last10,0.0,TB_per_PA
SB_last7,0.0,TB_per_PA
SB_std,0.0,TB_per_PA
3B_last10,0.0,TB_per_PA
max_hr_rate_last10,0.0,TB_per_PA
lineup_spot,0.021097663789987564,2B_per_PA
PA_last30,0.013255646452307701,2B_per_PA
2B_std,0.012534181587398052,2B_per_PA
hitter_h_rate_vs_hand_std_R,0.011955431662499905,2B_per_PA
H_std,0.01071777194738388,2B_per_PA
hitter_bb_rate_vs_hand_std_L,0.010553260333836079,2B_per_PA
team_allowed_h_rate_vs_hand_std,0.010482429526746273,2B_per_PA
lineup_spot_last10,0.00991904828697443,2B_per_PA
h_tt_h,0.009619561955332756,2B_per_PA
K_std,0.009249063208699226,2B_per_PA
hitter_bb_rate_vs_hand_std_R,0.009213380515575409,2B_per_PA
hr_rate_std,0.009163117967545986,2B_per_PA
hitter_h_rate_vs_hand_std_L,0.009059510193765163,2B_per_PA
hitter_h_rate_vs_hand_last10_L,0.009054485708475113,2B_per_PA
team_allowed_k_rate_vs_hand_std,0.00870145671069622,2B_per_PA
xbh_proxy_rate_last10,0.00861311610788107,2B_per_PA
max_EV_std,0.008589841425418854,2B_per_PA
k_rate_last21,0.008476443588733673,2B_per_PA
2B_last14,0.008395644836127758,2B_per_PA
PA_last14,0.008297107182443142,2B_per_PA
h_rate_last14,0.008270972408354282,2B_per_PA
hitter_hr_rate_vs_hand_last10_L,0.008183296769857407,2B_per_PA
h_tt_k,0.008137602359056473,2B_per_PA
3B_last14,0.008107993751764297,2B_per_PA
hitter_k_rate_vs_hand_last10_R,0.008051740005612373,2B_per_PA
2B_last30,0.007958691567182541,2B_per_PA
h_tt_bb,0.007935713976621628,2B_per_PA
HR_last30,0.007922740653157234,2B_per_PA
BB_std,0.007913483306765556,2B_per_PA
BB_last10,0.007912923581898212,2B_per_PA
hitter_hr_rate_vs_hand_std_L,0.007742134854197502,2B_per_PA
K_last7,0.0077186403796076775,2B_per_PA
HR_last14,0.007662302814424038,2B_per_PA
k_rate_std,0.0076404353603720665,2B_per_PA
bb_rate_last14,0.007637100759893656,2B_per_PA
hitter_h_rate_vs_hand_last10_R,0.007623118348419666,2B_per_PA
opp_sp_hr_rate_std,0.007619750220328569,2B_per_PA
opp_sp_k_rate_last10,0.007619147654622793,2B_per_PA
HR_std,0.007498166058212519,2B_per_PA
opp_sp_h_rate_last10,0.007496957201510668,2B_per_PA
ev_la_interaction_last10,0.007485372945666313,2B_per_PA
hitter_bb_rate_vs_hand_last10_L,0.007476935628801584,2B_per_PA
h_rate_last10,0.007460526190698147,2B_per_PA
sweet_spot_proxy_std,0.007452425546944141,2B_per_PA
opp_sp_bb_rate_last10,0.007428796961903572,2B_per_PA
opp_sp_h_rate_std,0.007403244264423847,2B_per_PA
bb_rate_last21,0.007338008843362331,2B_per_PA
times_on_base_rate_last10,0.007327912375330925,2B_per_PA
opp_sp_k_rate,0.007298750802874565,2B_per_PA
h_rate_last21,0.007276460994035006,2B_per_PA
3B_last30,0.0072421845979988575,2B_per_PA
K_last30,0.0072416760958731174,2B_per_PA
ev_spread_last10,0.007185859140008688,2B_per_PA
blast_proxy_std,0.007179241627454758,2B_per_PA
team_allowed_hr_rate_vs_hand_std,0.007171142380684614,2B_per_PA
H_last7,0.0071588801220059395,2B_per_PA
avg_EV_std,0.007141576614230871,2B_per_PA
k_rate_last14,0.00710344547405839,2B_per_PA
BB_last30,0.007087233476340771,2B_per_PA
barrel_proxy_last10,0.0070773884654045105,2B_per_PA
xbh_proxy_rate_std,0.007075012195855379,2B_per_PA
h_rate_std,0.007073675282299519,2B_per_PA
opp_sp_bb_rate_std,0.007057830225676298,2B_per_PA
h_rate_last7,0.007050876040011644,2B_per_PA
times_on_base_rate_std,0.007038766052573919,2B_per_PA
opp_sp_k_rate_std,0.007028495892882347,2B_per_PA
hitter_k_rate_vs_hand_std_R,0.007015993352979422,2B_per_PA
k_rate_last7,0.006996144540607929,2B_per_PA
k_rate_last10,0.006972535513341427,2B_per_PA
PA_std,0.00696847029030323,2B_per_PA
hitter_k_rate_vs_hand_std_L,0.0069596245884895325,2B_per_PA
K_last10,0.006958827842026949,2B_per_PA
bb_rate_std,0.00688314251601696,2B_per_PA
ev_spread_std,0.006850884761661291,2B_per_PA
avg_LA_std,0.006823030766099691,2B_per_PA
avg_EV_last10,0.00681538600474596,2B_per_PA
hr_rate_last30,0.006808066740632057,2B_per_PA
team_allowed_k_rate_vs_hand_last10,0.006805569399148226,2B_per_PA
opp_sp_hr_rate_last10,0.006802689749747515,2B_per_PA
3B_std,0.006774322595447302,2B_per_PA
hitter_hr_rate_vs_hand_std_R,0.006764930672943592,2B_per_PA
K_last14,0.006753959227353334,2B_per_PA
opp_sp_h_rate,0.006737155374139547,2B_per_PA
H_last21,0.006726220715790987,2B_per_PA
k_rate_last30,0.006710199639201164,2B_per_PA
hitter_bb_rate_vs_hand_last10_R,0.006701817736029625,2B_per_PA
team_allowed_bb_rate_vs_hand_std,0.0066849770955741405,2B_per_PA
avg_LA_last10,0.006680376827716827,2B_per_PA
opp_sp_ip_last10,0.006649825721979141,2B_per_PA
hard_hit_proxy_std,0.006637361831963062,2B_per_PA
HR_last10,0.006629219278693199,2B_per_PA
team_allowed_h_rate_vs_hand_last10,0.006620889529585838,2B_per_PA
HR_last21,0.006603832356631756,2B_per_PA
BB_last21,0.006597760133445263,2B_per_PA
team_allowed_bb_rate_vs_hand_last10,0.00655344408005476,2B_per_PA
H_last10,0.006537140812724829,2B_per_PA
hitter_k_rate_vs_hand_last10_L,0.006530333310365677,2B_per_PA
h_rate_last30,0.006528923287987709,2B_per_PA
opp_sp_ip_std,0.00651437696069479,2B_per_PA
team_allowed_hr_rate_vs_hand_last10,0.006483219563961029,2B_per_PA
h_tt_hr,0.0064796628430485725,2B_per_PA
opp_sp_hr_rate,0.00645916722714901,2B_per_PA
barrel_proxy_std,0.006454019341617823,2B_per_PA
2B_last10,0.006442089099436998,2B_per_PA
hr_rate_last7,0.006366439163684845,2B_per_PA
hr_rate_last21,0.006331765558570623,2B_per_PA
days_since_game,0.006292896345257759,2B_per_PA
3B_last21,0.006252224091440439,2B_per_PA
ev_la_interaction_std,0.00619093282148242,2B_per_PA
bb_rate_last7,0.006151755340397358,2B_per_PA
opp_sp_ip,0.006071716547012329,2B_per_PA
sweet_spot_proxy_last10,0.006071256473660469,2B_per_PA
H_last14,0.006066737696528435,2B_per_PA
2B_last21,0.006039851810783148,2B_per_PA
2B_last7,0.006035490892827511,2B_per_PA
3B_last10,0.006032234989106655,2B_per_PA
opp_sp_bb_rate,0.00601569376885891,2B_per_PA
K_last21,0.0059561701491475105,2B_per_PA
PA_last21,0.005950326099991798,2B_per_PA
max_EV_last10,0.005946442950516939,2B_per_PA
hitter_hr_rate_vs_hand_last10_R,0.0059318942949175835,2B_per_PA
park_factor,0.005892567336559296,2B_per_PA
bb_rate_last10,0.005860625300556421,2B_per_PA
blast_proxy_last10,0.005809308495372534,2B_per_PA
PA_last10,0.005784203298389912,2B_per_PA
bb_rate_last30,0.005782339721918106,2B_per_PA
PA_last7,0.005710338708013296,2B_per_PA
PA_last3,0.005615472327917814,2B_per_PA
BB_last14,0.005611297208815813,2B_per_PA
BB_last7,0.005370510276407003,2B_per_PA
hard_hit_proxy_last10,0.0053430539555847645,2B_per_PA
hr_rate_last14,0.0052853357046842575,2B_per_PA
H_last30,0.005188267678022385,2B_per_PA
HR_last7,0.005166707094758749,2B_per_PA
max_h_rate_last10,0.00462879054248333,2B_per_PA
hr_rate_last10,0.004581593908369541,2B_per_PA
3B_last7,0.004580293316394091,2B_per_PA
max_hr_rate_last10,0.0037071178667247295,2B_per_PA
SB_last30,0.0,2B_per_PA
SB_last21,0.0,2B_per_PA
SB_last7,0.0,2B_per_PA
SB_std,0.0,2B_per_PA
SB_last14,0.0,2B_per_PA
SB_last10,0.0,2B_per_PA
hitter_k_rate_vs_hand_std_L,0.023391155526041985,3B_per_PA
3B_std,0.021710895001888275,3B_per_PA
K_last30,0.018266160041093826,3B_per_PA
3B_last21,0.01665082573890686,3B_per_PA
k_rate_std,0.015090353786945343,3B_per_PA
K_last14,0.015064850449562073,3B_per_PA
opp_sp_hr_rate_last10,0.0145950336009264,3B_per_PA
opp_sp_bb_rate,0.013982165604829788,3B_per_PA
3B_last10,0.013567027635872364,3B_per_PA
HR_last14,0.013333897106349468,3B_per_PA
H_std,0.013303202576935291,3B_per_PA
h_rate_last10,0.013092050328850746,3B_per_PA
3B_last30,0.012955497950315475,3B_per_PA
team_allowed_h_rate_vs_hand_last10,0.011974059045314789,3B_per_PA
PA_last30,0.011969882063567638,3B_per_PA
hr_rate_last14,0.011174258776009083,3B_per_PA
opp_sp_hr_rate_std,0.010950409807264805,3B_per_PA
PA_std,0.010879327543079853,3B_per_PA
bb_rate_last10,0.010535463690757751,3B_per_PA
hitter_k_rate_vs_hand_last10_L,0.010311884805560112,3B_per_PA
PA_last21,0.010211657732725143,3B_per_PA
park_factor,0.01013004407286644,3B_per_PA
hitter_k_rate_vs_hand_std_R,0.010000688023865223,3B_per_PA
H_last7,0.009540705941617489,3B_per_PA
team_allowed_bb_rate_vs_hand_std,0.009535947814583778,3B_per_PA
bb_rate_last7,0.009502056986093521,3B_per_PA
hitter_h_rate_vs_hand_std_L,0.009491104632616043,3B_per_PA
2B_last7,0.009123948402702808,3B_per_PA
times_on_base_rate_std,0.008763092570006847,3B_per_PA
k_rate_last30,0.008636965416371822,3B_per_PA
k_rate_last14,0.00857605505734682,3B_per_PA
barrel_proxy_std,0.008556467480957508,3B_per_PA
hard_hit_proxy_last10,0.008485785685479641,3B_per_PA
ev_spread_last10,0.008467317558825016,3B_per_PA
h_tt_bb,0.008466389961540699,3B_per_PA
opp_sp_ip_std,0.008457680232822895,3B_per_PA
hitter_hr_rate_vs_hand_last10_R,0.00834737066179514,3B_per_PA
BB_std,0.008311084471642971,3B_per_PA
PA_last3,0.008268861100077629,3B_per_PA
h_rate_std,0.00823038537055254,3B_per_PA
blast_proxy_std,0.008120423182845116,3B_per_PA
hard_hit_proxy_std,0.008094262331724167,3B_per_PA
bb_rate_std,0.007970297709107399,3B_per_PA
2B_last30,0.007965000346302986,3B_per_PA
h_tt_k,0.0079277865588665,3B_per_PA
HR_last7,0.007913432084023952,3B_per_PA
team_allowed_k_rate_vs_hand_std,0.007909168489277363,3B_per_PA
avg_LA_std,0.007745176088064909,3B_per_PA
opp_sp_ip_last10,0.0076767937280237675,3B_per_PA
max_EV_last10,0.007660031318664551,3B_per_PA
BB_last21,0.007527890149503946,3B_per_PA
2B_last10,0.007475200574845076,3B_per_PA
opp_sp_h_rate_last10,0.007385953329503536,3B_per_PA
ev_la_interaction_std,0.007304805796593428,3B_per_PA
h_rate_last14,0.0072849215939641,3B_per_PA
opp_sp_k_rate_last10,0.007249951828271151,3B_per_PA
lineup_spot,0.00723761273548007,3B_per_PA
k_rate_last21,0.007229440845549107,3B_per_PA
team_allowed_k_rate_vs_hand_last10,0.00721686752513051,3B_per_PA
opp_sp_h_rate_std,0.007201784756034613,3B_per_PA
hitter_bb_rate_vs_hand_std_L,0.007190157659351826,3B_per_PA
sweet_spot_proxy_std,0.007177753373980522,3B_per_PA
max_EV_std,0.0071773710660636425,3B_per_PA
k_rate_last10,0.007143918424844742,3B_per_PA
PA_last10,0.007116976659744978,3B_per_PA
hitter_hr_rate_vs_hand_std_R,0.007070380728691816,3B_per_PA
HR_std,0.007052477914839983,3B_per_PA
2B_std,0.006997962016612291,3B_per_PA
hitter_hr_rate_vs_hand_std_L,0.006982139311730862,3B_per_PA
hitter_bb_rate_vs_hand_std_R,0.006874765735119581,3B_per_PA
PA_last14,0.006874667946249247,3B_per_PA
team_allowed_h_rate_vs_hand_std,0.006824919953942299,3B_per_PA
opp_sp_h_rate,0.00668589910492301,3B_per_PA
2B_last14,0.0066587310284376144,3B_per_PA
hitter_h_rate_vs_hand_std_R,0.0066413250751793385,3B_per_PA
sweet_spot_proxy_last10,0.006632393691688776,3B_per_PA
max_h_rate_last10,0.006609318777918816,3B_per_PA
BB_last30,0.00660712132230401,3B_per_PA
avg_LA_last10,0.006605106871575117,3B_per_PA
team_allowed_hr_rate_vs_hand_last10,0.006587016861885786,3B_per_PA
h_tt_hr,0.00654616067185998,3B_per_PA
bb_rate_last30,0.006509311962872744,3B_per_PA
PA_last7,0.006491543725132942,3B_per_PA
HR_last10,0.006485269404947758,3B_per_PA
h_tt_h,0.0064753200858831406,3B_per_PA
ev_spread_std,0.006418140605092049,3B_per_PA
h_rate_last7,0.0063698613084852695,3B_per_PA
opp_sp_k_rate_std,0.006287368480116129,3B_per_PA
hitter_bb_rate_vs_hand_last10_L,0.006131356116384268,3B_per_PA
ev_la_interaction_last10,0.006090891547501087,3B_per_PA
opp_sp_hr_rate,0.006035075522959232,3B_per_PA
h_rate_last30,0.005991710815578699,3B_per_PA
hr_rate_last21,0.005966207478195429,3B_per_PA
hr_rate_std,0.005956582725048065,3B_per_PA
hitter_k_rate_vs_hand_last10_R,0.005765871144831181,3B_per_PA
opp_sp_bb_rate_last10,0.005750339012593031,3B_per_PA
avg_EV_std,0.005724738817662001,3B_per_PA
avg_EV_last10,0.005706340074539185,3B_per_PA
HR_last21,0.005650369916111231,3B_per_PA
opp_sp_ip,0.005609066225588322,3B_per_PA
hitter_h_rate_vs_hand_last10_R,0.005494426004588604,3B_per_PA
hr_rate_last7,0.005472808610647917,3B_per_PA
bb_rate_last14,0.005437008570879698,3B_per_PA
team_allowed_hr_rate_vs_hand_std,0.005395500920712948,3B_per_PA
bb_rate_last21,0.005221642553806305,3B_per_PA
2B_last21,0.005126176401972771,3B_per_PA
H_last30,0.005086659919470549,3B_per_PA
lineup_spot_last10,0.0049711172468960285,3B_per_PA
hitter_bb_rate_vs_hand_last10_R,0.004697658587247133,3B_per_PA
opp_sp_bb_rate_std,0.004667273722589016,3B_per_PA
K_last7,0.004608659073710442,3B_per_PA
h_rate_last21,0.004553652834147215,3B_per_PA
K_std,0.004549792967736721,3B_per_PA
BB_last14,0.004507605917751789,3B_per_PA
hitter_h_rate_vs_hand_last10_L,0.004465639125555754,3B_per_PA
hitter_hr_rate_vs_hand_last10_L,0.004428196232765913,3B_per_PA
times_on_base_rate_last10,0.004190567880868912,3B_per_PA
max_hr_rate_last10,0.004132271744310856,3B_per_PA
hr_rate_last10,0.0041141510009765625,3B_per_PA
BB_last7,0.004049402195960283,3B_per_PA
k_rate_last7,0.003958964254707098,3B_per_PA
K_last10,0.003934647422283888,3B_per_PA
opp_sp_k_rate,0.0038721375167369843,3B_per_PA
team_allowed_bb_rate_vs_hand_last10,0.0038630710914731026,3B_per_PA
H_last14,0.0037379800342023373,3B_per_PA
K_last21,0.0033140252344310284,3B_per_PA
days_since_game,0.00309476419351995,3B_per_PA
H_last10,0.002342645078897476,3B_per_PA
H_last21,0.001867230050265789,3B_per_PA
HR_last30,0.0013735771644860506,3B_per_PA
SB_last30,0.0,3B_per_PA
SB_last21,0.0,3B_per_PA
SB_last7,0.0,3B_per_PA
SB_std,0.0,3B_per_PA
3B_last7,0.0,3B_per_PA
3B_last14,0.0,3B_per_PA
BB_last10,0.0,3B_per_PA
hr_rate_last30,0.0,3B_per_PA
SB_last14,0.0,3B_per_PA
SB_last10,0.0,3B_per_PA
xbh_proxy_rate_last10,0.0,3B_per_PA
xbh_proxy_rate_std,0.0,3B_per_PA
barrel_proxy_last10,0.0,3B_per_PA
blast_proxy_last10,0.0,3B_per_PA
lineup_spot,0.0,SB_per_PA
lineup_spot_last10,0.0,SB_per_PA
h_rate_std,0.0,SB_per_PA
hr_rate_std,0.0,SB_per_PA
bb_rate_std,0.0,SB_per_PA
k_rate_std,0.0,SB_per_PA
PA_std,0.0,SB_per_PA
avg_EV_std,0.0,SB_per_PA
max_EV_std,0.0,SB_per_PA
avg_LA_std,0.0,SB_per_PA
h_rate_last7,0.0,SB_per_PA
hr_rate_last7,0.0,SB_per_PA
bb_rate_last7,0.0,SB_per_PA
k_rate_last7,0.0,SB_per_PA
PA_last7,0.0,SB_per_PA
h_rate_last10,0.0,SB_per_PA
hr_rate_last10,0.0,SB_per_PA
bb_rate_last10,0.0,SB_per_PA
k_rate_last10,0.0,SB_per_PA
PA_last10,0.0,SB_per_PA
h_rate_last14,0.0,SB_per_PA
hr_rate_last14,0.0,SB_per_PA
bb_rate_last14,0.0,SB_per_PA
k_rate_last14,0.0,SB_per_PA
PA_last14,0.0,SB_per_PA
h_rate_last21,0.0,SB_per_PA
hr_rate_last21,0.0,SB_per_PA
bb_rate_last21,0.0,SB_per_PA
k_rate_last21,0.0,SB_per_PA
PA_last21,0.0,SB_per_PA
h_rate_last30,0.0,SB_per_PA
hr_rate_last30,0.0,SB_per_PA
bb_rate_last30,0.0,SB_per_PA
k_rate_last30,0.0,SB_per_PA
PA_last30,0.0,SB_per_PA
avg_EV_last10,0.0,SB_per_PA
max_EV_last10,0.0,SB_per_PA
avg_LA_last10,0.0,SB_per_PA
H_std,0.0,SB_per_PA
H_last7,0.0,SB_per_PA
H_last10,0.0,SB_per_PA
H_last14,0.0,SB_per_PA
H_last21,0.0,SB_per_PA
H_last30,0.0,SB_per_PA
HR_std,0.0,SB_per_PA
HR_last7,0.0,SB_per_PA
HR_last10,0.0,SB_per_PA
HR_last14,0.0,SB_per_PA
HR_last21,0.0,SB_per_PA
HR_last30,0.0,SB_per_PA
BB_std,0.0,SB_per_PA
BB_last7,0.0,SB_per_PA
BB_last10,0.0,SB_per_PA
BB_last14,0.0,SB_per_PA
BB_last21,0.0,SB_per_PA
BB_last30,0.0,SB_per_PA
K_std,0.0,SB_per_PA
K_last7,0.0,SB_per_PA
K_last10,0.0,SB_per_PA
K_last14,0.0,SB_per_PA
K_last21,0.0,SB_per_PA
K_last30,0.0,SB_per_PA
2B_std,0.0,SB_per_PA
2B_last7,0.0,SB_per_PA
2B_last10,0.0,SB_per_PA
2B_last14,0.0,SB_per_PA
2B_last21,0.0,SB_per_PA
2B_last30,0.0,SB_per_PA
3B_std,0.0,SB_per_PA
3B_last7,0.0,SB_per_PA
3B_last10,0.0,SB_per_PA
3B_last14,0.0,SB_per_PA
3B_last21,0.0,SB_per_PA
3B_last30,0.0,SB_per_PA
SB_std,0.0,SB_per_PA
SB_last7,0.0,SB_per_PA
SB_last10,0.0,SB_per_PA
SB_last14,0.0,SB_per_PA
SB_last21,0.0,SB_per_PA
SB_last30,0.0,SB_per_PA
PA_last3,0.0,SB_per_PA
max_hr_rate_last10,0.0,SB_per_PA
max_h_rate_last10,0.0,SB_per_PA
days_since_game,0.0,SB_per_PA
barrel_proxy_std,0.0,SB_per_PA
hard_hit_proxy_std,0.0,SB_per_PA
sweet_spot_proxy_std,0.0,SB_per_PA
blast_proxy_std,0.0,SB_per_PA
ev_la_interaction_std,0.0,SB_per_PA
ev_spread_std,0.0,SB_per_PA
times_on_base_rate_std,0.0,SB_per_PA
xbh_proxy_rate_std,0.0,SB_per_PA
barrel_proxy_last10,0.0,SB_per_PA
hard_hit_proxy_last10,0.0,SB_per_PA
sweet_spot_proxy_last10,0.0,SB_per_PA
blast_proxy_last10,0.0,SB_per_PA
ev_la_interaction_last10,0.0,SB_per_PA
ev_spread_last10,0.0,SB_per_PA
times_on_base_rate_last10,0.0,SB_per_PA
xbh_proxy_rate_last10,0.0,SB_per_PA
hitter_h_rate_vs_hand_last10_R,0.0,SB_per_PA
hitter_hr_rate_vs_hand_last10_R,0.0,SB_per_PA
hitter_bb_rate_vs_hand_last10_R,0.0,SB_per_PA
hitter_k_rate_vs_hand_last10_R,0.0,SB_per_PA
hitter_h_rate_vs_hand_last10_L,0.0,SB_per_PA
hitter_hr_rate_vs_hand_last10_L,0.0,SB_per_PA
hitter_bb_rate_vs_hand_last10_L,0.0,SB_per_PA
hitter_k_rate_vs_hand_last10_L,0.0,SB_per_PA
hitter_h_rate_vs_hand_std_R,0.0,SB_per_PA
hitter_hr_rate_vs_hand_std_R,0.0,SB_per_PA
hitter_bb_rate_vs_hand_std_R,0.0,SB_per_PA
hitter_k_rate_vs_hand_std_R,0.0,SB_per_PA
hitter_h_rate_vs_hand_std_L,0.0,SB_per_PA
hitter_hr_rate_vs_hand_std_L,0.0,SB_per_PA
hitter_bb_rate_vs_hand_std_L,0.0,SB_per_PA
hitter_k_rate_vs_hand_std_L,0.0,SB_per_PA
team_allowed_k_rate_vs_hand_last10,0.0,SB_per_PA
team_allowed_bb_rate_vs_hand_last10,0.0,SB_per_PA
team_allowed_hr_rate_vs_hand_last10,0.0,SB_per_PA
team_allowed_h_rate_vs_hand_last10,0.0,SB_per_PA
team_allowed_k_rate_vs_hand_std,0.0,SB_per_PA
team_allowed_bb_rate_vs_hand_std,0.0,SB_per_PA
team_allowed_hr_rate_vs_hand_std,0.0,SB_per_PA
team_allowed_h_rate_vs_hand_std,0.0,SB_per_PA
opp_sp_k_rate,0.0,SB_per_PA
opp_sp_bb_rate,0.0,SB_per_PA
opp_sp_hr_rate,0.0,SB_per_PA
opp_sp_h_rate,0.0,SB_per_PA
opp_sp_ip,0.0,SB_per_PA
opp_sp_k_rate_last10,0.0,SB_per_PA
opp_sp_bb_rate_last10,0.0,SB_per_PA
opp_sp_hr_rate_last10,0.0,SB_per_PA
opp_sp_h_rate_last10,0.0,SB_per_PA
opp_sp_ip_last10,0.0,SB_per_PA
opp_sp_k_rate_std,0.0,SB_per_PA
opp_sp_bb_rate_std,0.0,SB_per_PA
opp_sp_hr_rate_std,0.0,SB_per_PA
opp_sp_h_rate_std,0.0,SB_per_PA
opp_sp_ip_std,0.0,SB_per_PA
h_tt_k,0.0,SB_per_PA
h_tt_bb,0.0,SB_per_PA
h_tt_h,0.0,SB_per_PA
h_tt_hr,0.0,SB_per_PA
park_factor,0.0,SB_per_PA
