target,model,selected,selection_metric,n_train,n_train_plus_valid,tuned,calibration,stack_weights,selection_score,train_start,train_end,valid_start,valid_end,valid_mae,valid_rmse,valid_bias,valid_n,valid_actual_mean,valid_pred_mean
K,rf,False,valid_rmse,8416,9860,False,iso,,validation,2025-03-18,2026-08-06,2026-08-07,2026-10-08,1.8007367590913825,2.2247365522611946,0.30102295123161993,1444,4.549861495844875,4.850884447076495
K,xgb,False,valid_rmse,8416,9860,False,iso,,validation,2025-03-18,2026-08-06,2026-08-07,2026-10-08,1.7746864382747363,2.199950976472171,0.2892837548083489,1444,4.549861495844875,4.839145250653225
K,lin,False,valid_rmse,8416,9860,False,iso,,validation,2025-03-18,2026-08-06,2026-08-07,2026-10-08,1.784334513069453,2.2015632114573243,0.3102270116091488,1444,4.549861495844875,4.860088507454023
K,stack_even,False,valid_rmse,8416,9860,False,stack,"rf=0.33, xgb=0.33, lin=0.33",validation,2025-03-18,2026-08-06,2026-08-07,2026-10-08,1.768319157876242,2.184550072727238,0.300177905883039,1444,4.549861495844875,4.850039401727915
K,stack_opt,True,valid_rmse,8416,9860,False,stack,"rf=0.21, xgb=0.33, lin=0.47",cross-fitted,2025-03-18,2026-08-06,2026-08-07,2026-10-08,1.7682812191763433,2.1838737031739144,0.30070928919795226,1444,4.549861495844875,4.8505707850428275
BB,rf,False,valid_rmse,8416,9860,False,iso,,validation,2025-03-18,2026-08-06,2026-08-07,2026-10-08,0.9902069757397391,1.250247323843946,-0.016031517775636783,1444,1.7354570637119113,1.7194255459362744
BB,xgb,False,valid_rmse,8416,9860,False,iso,,validation,2025-03-18,2026-08-06,2026-08-07,2026-10-08,0.9776982695611005,1.2478717152199166,-0.029130381962637945,1444,1.7354570637119113,1.7063266817492737
BB,lin,False,valid_rmse,8416,9860,False,iso,,validation,2025-03-18,2026-08-06,2026-08-07,2026-10-08,0.9860756775534176,1.2565035416929455,0.02429547894033881,1444,1.7354570637119113,1.7597525426522502
BB,stack_even,True,valid_rmse,8416,9860,False,stack,"rf=0.33, xgb=0.33, lin=0.33",validation,2025-03-18,2026-08-06,2026-08-07,2026-10-08,0.9802827700369409,1.2426430607087573,-0.0069554735993120394,1444,1.7354570637119113,1.7285015901125995
BB,stack_opt,False,valid_rmse,8416,9860,False,stack,"rf=0.24, xgb=0.42, lin=0.34",cross-fitted,2025-03-18,2026-08-06,2026-08-07,2026-10-08,0.9799608149588857,1.2433466276235607,-0.008996218591549735,1444,1.7354570637119113,1.7264608451203618
HR,rf,False,valid_rmse,8416,9860,False,iso,,validation,2025-03-18,2026-08-06,2026-08-07,2026-10-08,0.6607175589537316,0.8102297380983009,0.0335082428899306,1444,0.6641274238227147,0.6976356667126453
HR,xgb,False,valid_rmse,8416,9860,False,iso,,validation,2025-03-18,2026-08-06,2026-08-07,2026-10-08,0.6536654893982734,0.807139823625399,0.047626441551515596,1444,0.6641274238227147,0.7117538653742302
HR,lin,False,valid_rmse,8416,9860,False,iso,,validation,2025-03-18,2026-08-06,2026-08-07,2026-10-08,0.6549845008759075,0.8081392120033303,0.04581535033032874,1444,0.6641274238227147,0.7099427741530434
HR,stack_even,False,valid_rmse,8416,9860,False,stack,"rf=0.33, xgb=0.33, lin=0.33",validation,2025-03-18,2026-08-06,2026-08-07,2026-10-08,0.6549984590462251,0.8054213006395142,0.04231667825725829,1444,0.6641274238227147,0.706444102079973
HR,stack_opt,True,valid_rmse,8416,9860,False,stack,"rf=0.04, xgb=0.52, lin=0.44",cross-fitted,2025-03-18,2026-08-06,2026-08-07,2026-10-08,0.654159915795657,0.8051263591759023,0.04565636486132841,1444,0.6641274238227147,0.7097837886840429
H,rf,False,valid_rmse,8416,9860,False,iso,,validation,2025-03-18,2026-08-06,2026-08-07,2026-10-08,1.6805359491479452,2.096103869143385,0.09854906402552026,1444,4.64612188365651,4.74467094768203
H,xgb,False,valid_rmse,8416,9860,True,iso,,validation,2025-03-18,2026-08-06,2026-08-07,2026-10-08,1.6754590025650176,2.086439848730482,0.0596726759838881,1444,4.64612188365651,4.705794559640398
H,lin,False,valid_rmse,8416,9860,False,iso,,validation,2025-03-18,2026-08-06,2026-08-07,2026-10-08,1.6915783434610527,2.127708476781073,0.08762384005499489,1444,4.64612188365651,4.733745723711505
H,stack_even,False,valid_rmse,8416,9860,False,stack,"rf=0.33, xgb=0.33, lin=0.33",validation,2025-03-18,2026-08-06,2026-08-07,2026-10-08,1.6705729160989338,2.0843881571055336,0.08194852668813417,1444,4.64612188365651,4.728070410344644
H,stack_opt,True,valid_rmse,8416,9860,False,stack,"rf=0.40, xgb=0.60, lin=0.00",cross-fitted,2025-03-18,2026-08-06,2026-08-07,2026-10-08,1.6690183962597356,2.079283461467513,0.07743686497302181,1444,4.64612188365651,4.723558748629531
IP,rf,False,valid_rmse,8416,9860,False,iso,,validation,2025-03-18,2026-08-06,2026-08-07,2026-10-08,0.9201507302156193,1.211403764273194,0.12335749810738048,1444,4.729455216989843,4.852812715097223
IP,xgb,False,valid_rmse,8416,9860,False,iso,,validation,2025-03-18,2026-08-06,2026-08-07,2026-10-08,0.9168964625633711,1.212477173994122,0.13060779119966995,1444,4.729455216989843,4.860063008189513
IP,lin,False,valid_rmse,8416,9860,False,iso,,validation,2025-03-18,2026-08-06,2026-08-07,2026-10-08,0.9349121121736159,1.2222659076883036,0.13668851622351566,1444,4.729455216989843,4.866143733213359
IP,stack_even,True,valid_rmse,8416,9860,False,stack,"rf=0.33, xgb=0.33, lin=0.33",validation,2025-03-18,2026-08-06,2026-08-07,2026-10-08,0.9160217060959416,1.205350828932109,0.13021793517685515,1444,4.729455216989843,4.859673152166699
IP,stack_opt,False,valid_rmse,8416,9860,False,stack,"rf=0.39, xgb=0.32, lin=0.29",cross-fitted,2025-03-18,2026-08-06,2026-08-07,2026-10-08,0.9163803503505581,1.2065963712213588,0.1302933428423331,1444,4.729455216989843,4.859748559832176
R,rf,False,valid_rmse,8416,9860,False,lin,,validation,2025-03-18,2026-08-06,2026-08-07,2026-10-08,1.514750888894192,1.8593646637835768,0.04618497230120871,1444,2.28601108033241,2.3321960526336185
R,xgb,False,valid_rmse,8416,9860,False,iso,,validation,2025-03-18,2026-08-06,2026-08-07,2026-10-08,1.5047450240233395,1.8602043676703448,0.021617065824222955,1444,2.28601108033241,2.307628146156633
R,lin,False,valid_rmse,8416,9860,False,iso,,validation,2025-03-18,2026-08-06,2026-08-07,2026-10-08,1.5255469077922421,1.8767282267344727,0.04500766386326077,1444,2.28601108033241,2.3310187441956707
R,stack_even,False,valid_rmse,8416,9860,False,stack,"rf=0.33, xgb=0.33, lin=0.33",validation,2025-03-18,2026-08-06,2026-08-07,2026-10-08,1.5127478529003888,1.860211486205202,0.037603233996230646,1444,2.28601108033241,2.3236143143286405
R,stack_opt,True,valid_rmse,8416,9860,False,stack,"rf=0.53, xgb=0.47, lin=0.00",cross-fitted,2025-03-18,2026-08-06,2026-08-07,2026-10-08,1.5095325127600308,1.8585827635689032,0.034282820738639676,1444,2.28601108033241,2.3202939010710497
K_per_9,rf,False,valid_rmse,8416,9860,False,iso,,validation,2025-03-18,2026-08-06,2026-08-07,2026-10-08,3.093711531386319,3.994119283226559,0.4055784602981627,1444,8.627722574174335,9.033301034472496
K_per_9,xgb,False,valid_rmse,8416,9860,False,iso,,validation,2025-03-18,2026-08-06,2026-08-07,2026-10-08,3.060302137604268,3.972042906385724,0.35540361280056737,1444,8.627722574174335,8.983126186974902
K_per_9,lin,False,valid_rmse,8416,9860,False,iso,,validation,2025-03-18,2026-08-06,2026-08-07,2026-10-08,3.030146402298582,3.9297784947439647,0.40678047071081885,1444,8.627722574174335,9.034503044885152
K_per_9,stack_even,False,valid_rmse,8416,9860,False,stack,"rf=0.33, xgb=0.33, lin=0.33",validation,2025-03-18,2026-08-06,2026-08-07,2026-10-08,3.032725858473763,3.934344821924065,0.3892541812698491,1444,8.627722574174335,9.016976755444183
K_per_9,stack_opt,True,valid_rmse,8416,9860,False,stack,"rf=0.01, xgb=0.28, lin=0.71",cross-fitted,2025-03-18,2026-08-06,2026-08-07,2026-10-08,3.0181563121660258,3.9241382581800455,0.39243047456973,1444,8.627722574174335,9.020153048744064
BB_per_9,rf,False,valid_rmse,8416,9860,False,iso,,validation,2025-03-18,2026-08-06,2026-08-07,2026-10-08,2.4126937674693316,3.3601281016672266,-0.12022194839729833,1444,3.7518802308279615,3.6316582824306627
BB_per_9,xgb,False,valid_rmse,8416,9860,False,iso,,validation,2025-03-18,2026-08-06,2026-08-07,2026-10-08,2.417835997281139,3.3575190124431615,-0.19271017467176965,1444,3.7518802308279615,3.559170056156192
BB_per_9,lin,False,valid_rmse,8416,9860,False,iso,,validation,2025-03-18,2026-08-06,2026-08-07,2026-10-08,2.4186981253228903,3.333215866701789,-0.11202998218764816,1444,3.7518802308279615,3.6398502486403133
BB_per_9,stack_even,False,valid_rmse,8416,9860,False,stack,"rf=0.33, xgb=0.33, lin=0.33",validation,2025-03-18,2026-08-06,2026-08-07,2026-10-08,2.3968769829200984,3.318043466518164,-0.1416540350855722,1444,3.7518802308279615,3.61022619574239
BB_per_9,stack_opt,True,valid_rmse,8416,9860,False,stack,"rf=0.39, xgb=0.00, lin=0.61",cross-fitted,2025-03-18,2026-08-06,2026-08-07,2026-10-08,2.400474844117004,3.3140011826839846,-0.11787458293780935,1444,3.7518802308279615,3.634005647890153
H_per_9,rf,True,valid_rmse,8416,9860,False,iso,,validation,2025-03-18,2026-08-06,2026-08-07,2026-10-08,4.359725988581261,5.745143109737138,-0.24893784062195878,1444,9.649030982807016,9.400093142185057
H_per_9,xgb,False,valid_rmse,8416,9860,True,iso,,validation,2025-03-18,2026-08-06,2026-08-07,2026-10-08,4.415610791761525,5.862238911584969,-0.2746161804326224,1444,9.649030982807016,9.374414802374394
H_per_9,lin,False,valid_rmse,8416,9860,False,iso,,validation,2025-03-18,2026-08-06,2026-08-07,2026-10-08,4.386156950931389,5.803642685952186,-0.29745797562682597,1444,9.649030982807016,9.351573007180193
H_per_9,stack_even,False,valid_rmse,8416,9860,False,stack,"rf=0.33, xgb=0.33, lin=0.33",validation,2025-03-18,2026-08-06,2026-08-07,2026-10-08,4.37617248383973,5.7837853962910675,-0.27367066556046954,1444,9.649030982807016,9.375360317246546
H_per_9,stack_opt,False,valid_rmse,8416,9860,False,stack,"rf=1.00, xgb=0.00, lin=0.00",cross-fitted,2025-03-18,2026-08-06,2026-08-07,2026-10-08,4.374050466817762,5.764888591619638,-0.2570986934072547,1444,9.649030982807016,9.391932289399762
HR_per_9,rf,False,valid_rmse,8416,9860,False,iso,,validation,2025-03-18,2026-08-06,2026-08-07,2026-10-08,1.4071379846734597,1.8416118665469627,0.050419372360621335,1444,1.363252732384478,1.4136721047450995
HR_per_9,xgb,False,valid_rmse,8416,9860,False,iso,,validation,2025-03-18,2026-08-06,2026-08-07,2026-10-08,1.394290072244826,1.8416526160563556,0.039637523224176026,1444,1.363252732384478,1.402890255608654
HR_per_9,lin,False,valid_rmse,8416,9860,False,iso,,validation,2025-03-18,2026-08-06,2026-08-07,2026-10-08,1.407060218833874,1.848669097619789,0.06124856903747917,1444,1.363252732384478,1.4245013014219574
HR_per_9,stack_even,False,valid_rmse,8416,9860,False,stack,"rf=0.33, xgb=0.33, lin=0.33",validation,2025-03-18,2026-08-06,2026-08-07,2026-10-08,1.400239135902362,1.8407006105620574,0.050435154874092156,1444,1.363252732384478,1.4136878872585703
HR_per_9,stack_opt,True,valid_rmse,8416,9860,False,stack,"rf=0.50, xgb=0.50, lin=0.00",cross-fitted,2025-03-18,2026-08-06,2026-08-07,2026-10-08,1.397929866307042,1.8393811178124642,0.04389294430947491,1444,1.363252732384478,1.407145676693953
R_per_9,rf,False,valid_rmse,8416,9860,False,iso,,validation,2025-03-18,2026-08-06,2026-08-07,2026-10-08,3.9776032032132678,5.582590571213644,-0.19294218609887318,1444,5.184827861068974,4.991885674970101
R_per_9,xgb,True,valid_rmse,8416,9860,True,iso,,validation,2025-03-18,2026-08-06,2026-08-07,2026-10-08,3.973580367767064,5.579123500153894,-0.1892971746573924,1444,5.184827861068974,4.9955306864115805
R_per_9,lin,False,valid_rmse,8416,9860,False,iso,,validation,2025-03-18,2026-08-06,2026-08-07,2026-10-08,4.008354730697904,5.604180992315209,-0.14064320263339775,1444,5.184827861068974,5.044184658435577
R_per_9,stack_even,False,valid_rmse,8416,9860,False,stack,"rf=0.33, xgb=0.33, lin=0.33",validation,2025-03-18,2026-08-06,2026-08-07,2026-10-08,3.9823547151489835,5.582971351125372,-0.17429418779655467,1444,5.184827861068974,5.010533673272419
R_per_9,stack_opt,False,valid_rmse,8416,9860,False,stack,"rf=0.36, xgb=0.64, lin=0.00",cross-fitted,2025-03-18,2026-08-06,2026-08-07,2026-10-08,3.97222701504062,5.581398323638221,-0.19109904447590206,1444,5.184827861068974,4.993728816593071
